cartodb_id,the_geom,total_paro_registrado,paro_sin_empleo_anterior,paro_servicios,paro_mujer_edad_45,paro_mujer_edad_25_45,paro_mujer_edad_25,paro_industria,paro_hombre_edad_45,paro_hombre_edad_25_45,paro_hombre_edad_25,paro_construccion,paro_agricultura,cod_postal,codigo_mes,municipio
64937,,98,5,73,9,18,8,7,38,20,5,7,6,4510,201509,ABLA
16235,,110,6,80,10,31,5,8,32,26,6,8,8,4510,201503,ABLA
8118,,109,7,77,10,32,8,7,32,21,6,10,8,4510,201502,ABLA
81171,,104,4,81,10,23,8,5,33,23,7,8,6,4510,201511,ABLA
48703,,103,4,77,11,24,6,9,38,19,5,8,5,4510,201507,ABLA
56820,,106,6,78,8,23,7,7,42,22,4,9,6,4510,201508,ABLA
24352,,113,5,85,12,32,6,8,34,25,4,8,7,4510,201504,ABLA
89288,,97,3,74,9,19,7,5,30,25,7,8,7,4510,201512,ABLA
73054,,104,5,81,10,19,7,6,37,24,7,6,6,4510,201510,ABLA
32469,,109,5,83,11,31,7,9,34,22,4,7,5,4510,201505,ABLA
1,,115,6,79,9,32,8,7,36,22,8,12,11,4510,201501,ABLA
40586,,108,6,83,12,29,8,8,35,20,4,7,4,4510,201506,ABLA
64938,,88,10,50,10,15,14,3,23,18,8,8,17,4520,201509,ABRUCENA
2,,82,7,46,10,21,7,2,22,17,5,10,17,4520,201501,ABRUCENA
89289,,77,6,46,10,20,10,4,20,13,4,5,16,4520,201512,ABRUCENA
40587,,79,4,49,12,17,10,3,17,22,1,12,11,4520,201506,ABRUCENA
56821,,87,9,49,11,14,12,3,24,20,6,8,18,4520,201508,ABRUCENA
16236,,80,9,46,10,21,10,2,16,19,4,11,12,4520,201503,ABRUCENA
73055,,87,9,50,10,16,11,4,24,20,6,8,16,4520,201510,ABRUCENA
48704,,82,9,48,11,14,11,2,23,20,3,8,15,4520,201507,ABRUCENA
32470,,82,6,51,9,19,11,2,19,22,2,10,13,4520,201505,ABRUCENA
8119,,78,8,42,8,20,6,2,19,21,4,10,16,4520,201502,ABRUCENA
24353,,81,7,46,11,20,9,2,18,20,3,11,15,4520,201504,ABRUCENA
81172,,75,7,45,8,18,11,4,18,17,3,7,12,4520,201511,ABRUCENA
81173,,2570,311,1291,525,674,131,120,556,506,178,391,457,4770,201511,ADRA
48705,,3558,329,2094,727,1096,234,158,609,699,193,416,561,4770,201507,ADRA
64939,,3499,337,2037,722,1058,224,156,603,686,206,422,547,4770,201509,ADRA
56822,,3599,328,2118,736,1104,236,170,618,706,199,407,576,4770,201508,ADRA
89290,,2497,299,1242,508,660,115,121,560,487,167,382,453,4770,201512,ADRA
24354,,3227,351,1637,640,899,219,177,603,679,187,464,598,4770,201504,ADRA
40588,,3319,330,1878,688,1011,225,161,594,616,185,422,528,4770,201506,ADRA
32471,,3195,349,1712,642,949,219,170,570,628,187,439,525,4770,201505,ADRA
16237,,3007,338,1465,577,789,179,153,614,672,176,478,573,4770,201503,ADRA
3,,2667,309,1273,521,673,142,137,568,605,158,478,470,4770,201501,ADRA
8120,,2773,313,1335,533,714,158,146,585,624,159,474,505,4770,201502,ADRA
73056,,2880,340,1482,580,767,166,135,583,585,199,422,501,4770,201510,ADRA
24355,,24,2,13,4,5,2,2,5,8,0,5,2,4857,201504,ALBANCHEZ
48706,,26,2,14,3,6,2,3,5,10,0,4,3,4857,201507,ALBANCHEZ
56823,,22,2,12,0,5,2,2,4,9,2,3,3,4857,201508,ALBANCHEZ
40589,,30,2,17,4,6,2,4,7,11,0,5,2,4857,201506,ALBANCHEZ
64940,,28,1,18,1,7,1,3,7,10,2,3,3,4857,201509,ALBANCHEZ
32472,,25,2,15,4,6,2,2,5,8,0,4,2,4857,201505,ALBANCHEZ
73057,,22,1,15,2,4,1,2,6,8,1,2,2,4857,201510,ALBANCHEZ
4,,29,2,21,2,10,3,2,7,7,0,3,1,4857,201501,ALBANCHEZ
81174,,20,1,13,1,5,1,3,7,5,1,1,2,4857,201511,ALBANCHEZ
89291,,22,2,14,2,4,0,2,7,7,2,2,2,4857,201512,ALBANCHEZ
8121,,29,2,20,3,9,3,2,7,7,0,3,2,4857,201502,ALBANCHEZ
16238,,25,2,15,4,7,2,2,6,6,0,4,2,4857,201503,ALBANCHEZ
56824,,50,2,22,5,12,5,7,12,11,5,11,8,4531,201508,ALBOLODUY
24356,,49,3,26,4,15,4,2,12,10,4,14,4,4531,201504,ALBOLODUY
5,,45,4,25,6,14,3,2,14,6,2,11,3,4531,201501,ALBOLODUY
40590,,50,2,23,6,15,4,7,10,12,3,13,5,4531,201506,ALBOLODUY
16239,,52,4,28,5,17,6,4,12,12,0,11,5,4531,201503,ALBOLODUY
32473,,49,3,26,7,16,4,3,11,8,3,13,4,4531,201505,ALBOLODUY
64941,,49,2,20,5,14,4,7,13,9,4,11,9,4531,201509,ALBOLODUY
8122,,45,4,24,5,12,5,2,10,9,4,13,2,4531,201502,ALBOLODUY
89292,,42,1,21,6,8,2,5,14,9,3,6,9,4531,201512,ALBOLODUY
81175,,44,1,21,4,13,2,6,12,10,3,6,10,4531,201511,ALBOLODUY
48707,,48,2,20,5,9,5,7,14,13,2,12,7,4531,201507,ALBOLODUY
73058,,45,1,21,5,13,2,8,12,9,4,9,6,4531,201510,ALBOLODUY
73059,,1015,118,630,167,299,55,68,210,222,62,138,61,4800,201510,ALBOX
56825,,1036,105,648,158,292,65,66,220,244,57,147,70,4800,201508,ALBOX
40591,,1027,118,632,167,300,73,71,207,218,62,146,60,4800,201506,ALBOX
89293,,944,103,578,160,268,53,57,201,211,51,137,69,4800,201512,ALBOX
24357,,1033,129,615,168,304,69,73,202,213,77,151,65,4800,201504,ALBOX
48708,,1013,116,620,163,288,71,70,214,223,54,143,64,4800,201507,ALBOX
81176,,1006,117,627,168,300,55,61,202,223,58,137,64,4800,201511,ALBOX
6,,984,107,563,163,291,60,86,212,208,50,155,73,4800,201501,ALBOX
16240,,996,119,584,166,294,64,78,210,201,61,149,66,4800,201503,ALBOX
8123,,980,107,569,159,289,63,83,211,207,51,151,70,4800,201502,ALBOX
64942,,1065,126,659,166,304,70,64,214,243,68,147,69,4800,201509,ALBOX
32474,,1067,131,652,166,315,76,74,205,220,85,145,65,4800,201505,ALBOX
64943,,98,5,62,5,15,10,2,41,18,9,21,8,4480,201509,ALCOLEA
32475,,96,10,61,7,19,14,1,32,15,9,17,7,4480,201505,ALCOLEA
48709,,91,7,60,5,17,13,1,35,15,6,17,6,4480,201507,ALCOLEA
73060,,84,6,50,3,11,11,2,37,15,7,19,7,4480,201510,ALCOLEA
81177,,78,6,42,1,12,8,2,36,15,6,19,9,4480,201511,ALCOLEA
24358,,91,10,56,7,21,12,0,29,13,9,16,9,4480,201504,ALCOLEA
56826,,97,6,65,9,16,10,1,38,18,6,18,7,4480,201508,ALCOLEA
89294,,78,5,40,1,8,11,2,36,17,5,23,8,4480,201512,ALCOLEA
8124,,85,4,49,10,20,6,0,32,11,6,21,11,4480,201502,ALCOLEA
7,,80,4,46,10,17,7,0,32,9,5,19,11,4480,201501,ALCOLEA
16241,,86,7,46,9,18,8,1,30,14,7,21,11,4480,201503,ALCOLEA
40592,,98,7,67,7,19,12,0,37,16,7,18,6,4480,201506,ALCOLEA
64944,,28,4,13,7,6,0,2,8,5,2,7,2,4897,201509,ALCONTAR
89295,,25,2,9,7,2,0,5,8,7,1,7,2,4897,201512,ALCONTAR
40593,,34,3,19,7,7,1,3,7,10,2,6,3,4897,201506,ALCONTAR
56827,,32,4,15,7,7,1,3,8,7,2,8,2,4897,201508,ALCONTAR
48710,,31,4,15,7,6,1,3,7,8,2,7,2,4897,201507,ALCONTAR
24359,,34,4,17,7,6,0,2,10,9,2,8,3,4897,201504,ALCONTAR
16242,,34,4,19,7,7,0,2,9,9,2,7,2,4897,201503,ALCONTAR
81178,,25,3,10,7,2,0,2,7,8,1,8,2,4897,201511,ALCONTAR
73061,,27,4,11,7,4,0,3,8,7,1,7,2,4897,201510,ALCONTAR
8125,,29,3,15,6,6,0,2,9,7,1,7,2,4897,201502,ALCONTAR
32476,,31,3,16,7,5,0,2,8,9,2,7,3,4897,201505,ALCONTAR
8,,31,3,16,6,7,0,3,10,8,0,7,2,4897,201501,ALCONTAR
48711,,10,1,8,1,2,0,0,5,2,0,0,1,4276,201507,ALCUDIA DE MONTEAGUD
56828,,9,1,6,1,2,0,0,5,1,0,0,2,4276,201508,ALCUDIA DE MONTEAGUD
89296,,10,1,9,2,2,0,0,4,2,0,0,0,4276,201512,ALCUDIA DE MONTEAGUD
81179,,9,1,8,2,2,0,0,4,1,0,0,0,4276,201511,ALCUDIA DE MONTEAGUD
9,,8,1,7,1,2,0,0,3,2,0,0,0,4276,201501,ALCUDIA DE MONTEAGUD
8126,,6,1,5,1,2,0,0,2,1,0,0,0,4276,201502,ALCUDIA DE MONTEAGUD
73062,,8,1,7,1,2,0,0,4,1,0,0,0,4276,201510,ALCUDIA DE MONTEAGUD
16243,,7,1,4,1,2,0,0,2,2,0,1,1,4276,201503,ALCUDIA DE MONTEAGUD
64945,,10,1,7,1,2,0,0,5,2,0,0,2,4276,201509,ALCUDIA DE MONTEAGUD
32477,,8,1,7,1,4,0,0,1,1,1,0,0,4276,201505,ALCUDIA DE MONTEAGUD
24360,,11,1,9,1,3,0,0,3,4,0,1,0,4276,201504,ALCUDIA DE MONTEAGUD
40594,,10,1,8,1,2,0,0,5,2,0,0,1,4276,201506,ALCUDIA DE MONTEAGUD
40595,,96,7,31,11,24,9,15,27,22,3,37,6,4567,201506,ALHABIA
48712,,87,7,33,10,23,9,7,24,18,3,37,3,4567,201507,ALHABIA
8127,,82,10,33,12,18,7,6,20,22,3,26,7,4567,201502,ALHABIA
64946,,90,7,35,8,29,8,9,22,17,6,34,5,4567,201509,ALHABIA
16244,,88,11,33,12,25,10,6,21,18,2,30,8,4567,201503,ALHABIA
73063,,92,8,30,7,27,6,17,25,21,6,33,4,4567,201510,ALHABIA
24361,,102,10,32,13,26,9,15,28,23,3,37,8,4567,201504,ALHABIA
32478,,102,10,30,12,26,10,15,27,23,4,39,8,4567,201505,ALHABIA
56829,,90,6,39,8,27,7,9,24,19,5,33,3,4567,201508,ALHABIA
10,,99,11,39,13,22,10,16,26,26,2,27,6,4567,201501,ALHABIA
89297,,89,9,31,10,25,6,18,26,20,2,27,4,4567,201512,ALHABIA
81180,,87,9,27,9,24,6,18,21,22,5,29,4,4567,201511,ALHABIA
81181,,410,49,259,87,96,34,29,80,77,36,35,38,4400,201511,ALHAMA DE ALMERIA
64947,,502,51,329,97,121,36,33,98,107,43,42,47,4400,201509,ALHAMA DE ALMERIA
24362,,498,58,323,90,113,42,30,97,112,44,42,45,4400,201504,ALHAMA DE ALMERIA
73064,,458,56,290,98,107,33,31,84,94,42,37,44,4400,201510,ALHAMA DE ALMERIA
89298,,453,52,294,92,102,36,24,87,93,43,39,44,4400,201512,ALHAMA DE ALMERIA
8128,,469,57,295,83,115,30,31,98,105,38,39,47,4400,201502,ALHAMA DE ALMERIA
48713,,509,55,332,101,124,38,32,96,104,46,38,52,4400,201507,ALHAMA DE ALMERIA
32479,,507,59,322,92,117,41,35,99,112,46,45,46,4400,201505,ALHAMA DE ALMERIA
16245,,473,59,297,86,116,35,33,96,106,34,37,47,4400,201503,ALHAMA DE ALMERIA
56830,,504,56,326,96,127,35,31,94,108,44,42,49,4400,201508,ALHAMA DE ALMERIA
40596,,513,55,332,101,120,39,35,102,107,44,43,48,4400,201506,ALHAMA DE ALMERIA
11,,494,54,320,91,121,33,34,93,101,55,37,49,4400,201501,ALHAMA DE ALMERIA
48714,,23,0,20,5,8,0,1,6,2,2,1,1,4409,201507,ALICUN
12,,18,1,15,4,7,0,1,4,1,2,0,1,4409,201501,ALICUN
89299,,20,0,16,4,6,0,1,5,3,2,3,0,4409,201512,ALICUN
8129,,21,0,18,5,9,0,1,5,1,1,0,2,4409,201502,ALICUN
81182,,20,0,16,4,7,0,1,4,2,3,2,1,4409,201511,ALICUN
16246,,22,0,19,5,9,0,1,4,2,2,1,1,4409,201503,ALICUN
73065,,24,0,21,4,7,0,1,7,3,3,1,1,4409,201510,ALICUN
24363,,21,0,17,4,9,0,1,5,1,2,2,1,4409,201504,ALICUN
32480,,25,0,21,4,11,0,1,5,3,2,2,1,4409,201505,ALICUN
64948,,26,0,23,5,9,0,1,6,3,3,1,1,4409,201509,ALICUN
40597,,27,0,23,5,11,0,1,6,2,3,1,2,4409,201506,ALICUN
56831,,24,0,21,5,9,0,1,5,2,3,1,1,4409,201508,ALICUN
32481,,24668,3541,15076,5223,6473,1311,996,5055,5340,1266,3319,1736,4000,201505,ALMERIA
16247,,24784,3596,14975,5153,6358,1238,1084,5176,5548,1311,3488,1641,4000,201503,ALMERIA
14,,12,1,8,5,3,0,1,1,2,1,1,1,4458,201501,ALMOCITA
24365,,14,0,12,4,4,0,1,2,4,0,1,0,4458,201504,ALMOCITA
73067,,13,0,9,5,3,0,1,2,3,0,2,1,4458,201510,ALMOCITA
32482,,16,0,13,4,4,0,1,1,7,0,2,0,4458,201505,ALMOCITA
40599,,17,0,14,5,4,0,1,1,7,0,2,0,4458,201506,ALMOCITA
16248,,15,2,11,5,4,0,1,2,4,0,1,0,4458,201503,ALMOCITA
48716,,14,0,10,5,4,0,1,2,3,0,3,0,4458,201507,ALMOCITA
64950,,14,0,10,5,4,0,1,2,3,0,3,0,4458,201509,ALMOCITA
89301,,8,0,6,4,2,0,1,1,1,0,1,0,4458,201512,ALMOCITA
8131,,15,2,11,5,4,1,1,2,2,1,1,0,4458,201502,ALMOCITA
56833,,14,0,10,5,4,0,1,2,3,0,3,0,4458,201508,ALMOCITA
81184,,10,0,8,4,3,0,1,1,2,0,1,0,4458,201511,ALMOCITA
24366,,10,0,8,1,1,0,0,3,5,0,2,0,4568,201504,ALSODUX
48717,,10,0,9,1,2,0,0,3,4,0,0,1,4568,201507,ALSODUX
8132,,9,2,5,1,2,0,0,2,3,1,2,0,4568,201502,ALSODUX
81185,,4,0,4,0,1,0,0,2,1,0,0,0,4568,201511,ALSODUX
73068,,4,0,4,0,1,0,0,2,1,0,0,0,4568,201510,ALSODUX
15,,10,2,7,1,2,0,0,3,3,1,1,0,4568,201501,ALSODUX
56834,,9,0,8,1,2,0,0,3,3,0,1,0,4568,201508,ALSODUX
89302,,7,0,7,1,1,0,0,2,3,0,0,0,4568,201512,ALSODUX
32483,,9,0,8,0,3,0,0,3,3,0,0,1,4568,201505,ALSODUX
64951,,9,0,9,1,2,0,0,2,4,0,0,0,4568,201509,ALSODUX
40600,,13,0,11,1,3,0,0,5,4,0,1,1,4568,201506,ALSODUX
16249,,7,0,6,1,0,0,0,2,4,0,1,0,4568,201503,ALSODUX
89303,,173,13,113,36,63,7,5,28,28,11,17,25,4628,201512,ANTAS
48718,,192,12,124,45,59,6,4,38,33,11,19,33,4628,201507,ANTAS
32484,,188,17,120,38,60,12,3,34,34,10,23,25,4628,201505,ANTAS
64952,,206,14,148,39,63,10,5,47,33,14,18,21,4628,201509,ANTAS
16,,201,15,126,40,75,10,4,32,31,13,28,28,4628,201501,ANTAS
24367,,188,18,121,42,64,11,3,36,27,8,24,22,4628,201504,ANTAS
73069,,186,16,124,41,58,10,5,32,30,15,18,23,4628,201510,ANTAS
56835,,200,13,136,44,58,5,4,45,38,10,21,26,4628,201508,ANTAS
81186,,181,15,126,39,65,9,5,25,29,14,16,19,4628,201511,ANTAS
8133,,195,15,123,39,66,10,4,33,36,11,29,24,4628,201502,ANTAS
16250,,194,18,123,40,62,13,3,36,35,8,28,22,4628,201503,ANTAS
40601,,198,12,121,40,67,9,6,36,35,11,21,38,4628,201506,ANTAS
8134,,160,15,98,27,48,11,5,29,35,10,29,13,4660,201502,ARBOLEAS
48719,,188,14,116,27,50,18,7,39,45,9,36,15,4660,201507,ARBOLEAS
56836,,202,16,124,29,51,18,8,40,53,11,38,16,4660,201508,ARBOLEAS
73070,,170,17,98,28,46,14,7,33,38,11,36,12,4660,201510,ARBOLEAS
40602,,188,20,109,29,55,19,9,40,34,11,35,15,4660,201506,ARBOLEAS
16251,,184,17,112,31,52,12,9,37,40,12,30,16,4660,201503,ARBOLEAS
81187,,165,16,93,30,42,13,6,32,38,10,39,11,4660,201511,ARBOLEAS
64953,,192,17,117,33,49,14,8,36,47,13,35,15,4660,201509,ARBOLEAS
17,,155,16,90,26,47,10,5,26,38,8,30,14,4660,201501,ARBOLEAS
32485,,191,18,114,31,57,17,10,37,37,12,33,16,4660,201505,ARBOLEAS
24368,,179,18,113,31,53,11,10,37,34,13,26,12,4660,201504,ARBOLEAS
89304,,158,15,89,29,40,10,6,34,37,8,35,13,4660,201512,ARBOLEAS
56837,,28,2,18,6,9,0,4,5,4,4,4,0,4888,201508,ARMUÑA DE ALMANZORA
40603,,30,2,17,6,8,0,5,5,7,4,5,1,4888,201506,ARMUÑA DE ALMANZORA
73071,,25,2,18,6,5,0,3,1,8,5,1,1,4888,201510,ARMUÑA DE ALMANZORA
64954,,24,2,17,7,6,0,3,2,6,3,1,1,4888,201509,ARMUÑA DE ALMANZORA
32486,,24,3,13,6,8,0,4,4,4,2,3,1,4888,201505,ARMUÑA DE ALMANZORA
24369,,26,3,16,7,9,0,4,5,3,2,2,1,4888,201504,ARMUÑA DE ALMANZORA
18,,30,4,13,6,11,1,5,4,5,3,6,2,4888,201501,ARMUÑA DE ALMANZORA
16252,,31,5,14,7,11,0,5,4,4,5,5,2,4888,201503,ARMUÑA DE ALMANZORA
48720,,29,2,18,6,8,0,4,6,5,4,4,1,4888,201507,ARMUÑA DE ALMANZORA
89305,,28,4,14,5,6,0,3,3,11,3,4,3,4888,201512,ARMUÑA DE ALMANZORA
8135,,31,4,15,7,11,0,5,5,4,4,5,2,4888,201502,ARMUÑA DE ALMANZORA
81188,,30,3,17,6,6,0,3,4,10,4,4,3,4888,201511,ARMUÑA DE ALMANZORA
8136,,11,1,6,1,3,1,1,2,3,1,2,1,4889,201502,BACARES
56838,,14,4,10,1,3,2,0,3,2,3,0,0,4889,201508,BACARES
19,,8,0,4,2,1,0,1,2,3,0,2,1,4889,201501,BACARES
32487,,12,3,7,1,2,1,1,2,3,3,0,1,4889,201505,BACARES
48721,,12,4,7,1,2,2,1,2,2,3,0,0,4889,201507,BACARES
81189,,11,1,10,2,2,1,0,3,2,1,0,0,4889,201511,BACARES
8130,,24926,3481,15199,5152,6363,1210,1084,5244,5700,1257,3557,1605,4000,201502,ALMERIA
40598,,24988,3248,15551,5422,6673,1161,969,5129,5425,1178,3272,1948,4000,201506,ALMERIA
81183,,23419,3119,14865,5209,6144,1111,885,5014,4807,1134,3077,1473,4000,201511,ALMERIA
73066,,24360,3150,15610,5356,6611,1150,897,5063,5034,1146,3106,1597,4000,201510,ALMERIA
48715,,24665,3203,15322,5341,6585,1133,943,5112,5324,1170,3220,1977,4000,201507,ALMERIA
24364,,24548,3613,14862,5156,6332,1272,1037,5069,5428,1291,3417,1619,4000,201504,ALMERIA
24370,,13,3,8,1,3,1,1,2,3,3,0,1,4889,201504,BACARES
16253,,13,1,8,1,3,1,1,3,3,2,2,1,4889,201503,BACARES
64955,,15,4,11,2,3,2,0,3,2,3,0,0,4889,201509,BACARES
89306,,8,1,7,2,2,1,0,2,1,0,0,0,4889,201512,BACARES
40604,,12,3,7,1,2,1,1,1,4,3,0,1,4889,201506,BACARES
73072,,12,1,11,2,3,1,0,3,2,1,0,0,4889,201510,BACARES
73073,,13,1,8,1,1,2,0,3,6,0,2,2,4479,201510,BAYARCAL
40605,,20,0,16,2,3,1,0,4,8,2,3,1,4479,201506,BAYARCAL
16254,,12,0,9,1,1,1,0,2,6,1,1,2,4479,201503,BAYARCAL
32488,,18,0,14,2,3,2,0,4,6,1,2,2,4479,201505,BAYARCAL
20,,13,1,5,1,1,1,0,3,6,1,3,4,4479,201501,BAYARCAL
8137,,12,0,6,0,1,0,0,3,7,1,3,3,4479,201502,BAYARCAL
24371,,15,0,12,1,2,2,0,3,5,2,1,2,4479,201504,BAYARCAL
89307,,14,1,7,1,0,1,0,6,6,0,4,2,4479,201512,BAYARCAL
81190,,12,1,6,1,1,1,0,2,7,0,3,2,4479,201511,BAYARCAL
56839,,24,2,15,1,4,3,1,6,8,2,4,2,4479,201508,BAYARCAL
48722,,21,1,15,1,4,2,1,4,8,2,2,2,4479,201507,BAYARCAL
64956,,20,2,11,1,2,2,0,4,10,1,4,3,4479,201509,BAYARCAL
24372,,12,0,8,1,3,1,0,4,2,1,3,1,4888,201504,BAYARQUE
8138,,13,0,8,3,4,0,0,3,2,1,4,1,4888,201502,BAYARQUE
48723,,12,0,9,1,4,0,0,4,3,0,2,1,4888,201507,BAYARQUE
32489,,12,0,7,1,4,1,0,2,2,2,4,1,4888,201505,BAYARQUE
56840,,16,0,12,2,5,1,0,4,4,0,4,0,4888,201508,BAYARQUE
40606,,10,0,7,1,3,1,0,2,3,0,2,1,4888,201506,BAYARQUE
81191,,12,0,9,1,5,0,0,3,3,0,3,0,4888,201511,BAYARQUE
21,,13,0,10,3,4,0,0,2,3,1,2,1,4888,201501,BAYARQUE
73074,,14,0,11,1,5,1,0,4,3,0,3,0,4888,201510,BAYARQUE
89308,,10,0,9,1,5,0,0,3,1,0,1,0,4888,201512,BAYARQUE
64957,,15,0,11,1,5,1,0,4,4,0,4,0,4888,201509,BAYARQUE
16255,,10,0,7,1,4,0,0,3,1,1,3,0,4888,201503,BAYARQUE
64958,,56,8,40,13,13,4,3,20,4,2,4,1,4288,201509,BEDAR
8139,,63,6,46,13,15,4,3,21,7,3,6,2,4288,201502,BEDAR
89309,,52,8,35,12,11,3,4,18,5,3,4,1,4288,201512,BEDAR
24373,,62,9,43,13,12,5,2,20,8,4,6,2,4288,201504,BEDAR
73075,,56,8,39,13,12,4,3,18,7,2,5,1,4288,201510,BEDAR
81192,,58,8,41,13,12,4,4,20,6,3,4,1,4288,201511,BEDAR
56841,,53,8,35,12,11,4,3,18,5,3,4,3,4288,201508,BEDAR
32490,,59,9,40,13,11,3,3,21,6,5,5,2,4288,201505,BEDAR
22,,59,6,41,10,15,4,3,21,7,2,7,2,4288,201501,BEDAR
40607,,55,8,38,12,10,3,3,22,5,3,4,2,4288,201506,BEDAR
48724,,54,8,36,12,10,3,3,22,4,3,5,2,4288,201507,BEDAR
16256,,63,8,44,14,12,5,2,21,8,3,7,2,4288,201503,BEDAR
40608,,8,2,6,1,1,2,0,1,3,0,0,0,4458,201506,BEIRES
32491,,7,2,5,1,0,2,0,1,3,0,0,0,4458,201505,BEIRES
56842,,5,1,4,1,1,1,0,1,1,0,0,0,4458,201508,BEIRES
81193,,4,1,3,1,1,1,0,1,0,0,0,0,4458,201511,BEIRES
64959,,7,2,5,1,1,1,0,2,1,1,0,0,4458,201509,BEIRES
48725,,6,1,5,1,1,2,0,1,1,0,0,0,4458,201507,BEIRES
16257,,3,1,2,1,0,1,0,1,0,0,0,0,4458,201503,BEIRES
24374,,4,1,3,1,0,1,0,1,1,0,0,0,4458,201504,BEIRES
89310,,4,1,3,1,1,1,0,1,0,0,0,0,4458,201512,BEIRES
23,,1,0,1,0,0,0,0,1,0,0,0,0,4458,201501,BEIRES
73076,,7,2,5,1,1,1,0,2,1,1,0,0,4458,201510,BEIRES
8140,,3,0,3,1,1,0,0,1,0,0,0,0,4458,201502,BEIRES
64960,,586,58,410,124,173,36,29,120,100,33,59,30,4410,201509,BENAHADUX
48726,,505,52,347,121,145,27,26,103,85,24,54,26,4410,201507,BENAHADUX
24,,540,69,335,117,153,25,34,110,101,34,72,30,4410,201501,BENAHADUX
81194,,498,56,333,110,139,29,25,102,86,32,53,31,4410,201511,BENAHADUX
8141,,543,69,340,119,159,27,32,106,101,31,71,31,4410,201502,BENAHADUX
16258,,521,68,330,113,150,26,28,103,95,34,70,25,4410,201503,BENAHADUX
40609,,512,57,339,123,143,27,31,103,88,28,58,27,4410,201506,BENAHADUX
73077,,551,59,383,123,172,32,25,104,90,30,54,30,4410,201510,BENAHADUX
89311,,476,53,315,104,132,25,28,100,87,28,57,23,4410,201512,BENAHADUX
24375,,523,71,332,120,142,30,33,106,89,36,65,22,4410,201504,BENAHADUX
56843,,527,54,359,115,147,28,26,119,93,25,66,22,4410,201508,BENAHADUX
32492,,526,69,344,123,147,32,31,96,90,38,58,24,4410,201505,BENAHADUX
8142,,4,0,4,1,0,0,0,1,1,1,0,0,4276,201502,BENITAGLA
24376,,1,0,1,0,0,0,0,0,0,1,0,0,4276,201504,BENITAGLA
25,,1,0,1,0,0,0,0,0,1,0,0,0,4276,201501,BENITAGLA
40610,,3,1,2,0,1,0,0,0,1,1,0,0,4276,201506,BENITAGLA
64961,,4,1,3,1,0,0,0,0,1,2,0,0,4276,201509,BENITAGLA
32493,,1,0,1,0,0,0,0,0,0,1,0,0,4276,201505,BENITAGLA
56844,,3,1,2,1,0,0,0,0,1,1,0,0,4276,201508,BENITAGLA
73078,,5,2,3,1,0,0,0,0,1,3,0,0,4276,201510,BENITAGLA
89312,,5,1,4,1,0,1,0,1,1,1,0,0,4276,201512,BENITAGLA
48727,,3,1,2,1,0,0,0,0,1,1,0,0,4276,201507,BENITAGLA
81195,,3,1,2,0,0,0,0,0,1,2,0,0,4276,201511,BENITAGLA
16259,,1,0,1,0,0,0,0,0,0,1,0,0,4276,201503,BENITAGLA
73079,,20,3,14,5,5,1,0,7,2,0,2,1,4276,201510,BENIZALON
81196,,19,3,12,5,4,1,0,5,4,0,2,2,4276,201511,BENIZALON
16260,,26,6,16,4,8,4,1,6,2,2,3,0,4276,201503,BENIZALON
32494,,27,5,18,6,8,2,0,7,3,1,4,0,4276,201505,BENIZALON
56845,,23,3,14,4,3,3,0,8,4,1,3,3,4276,201508,BENIZALON
24377,,32,6,21,5,9,4,1,7,5,2,4,0,4276,201504,BENIZALON
64962,,25,3,16,5,5,3,0,9,2,1,3,3,4276,201509,BENIZALON
48728,,19,3,11,4,3,2,0,6,3,1,3,2,4276,201507,BENIZALON
8143,,27,6,15,5,8,3,1,6,2,3,3,2,4276,201502,BENIZALON
89313,,24,3,18,7,5,2,0,6,3,1,2,1,4276,201512,BENIZALON
26,,33,8,18,5,9,4,1,7,4,4,4,2,4276,201501,BENIZALON
40611,,25,3,17,5,7,2,0,7,4,0,4,1,4276,201506,BENIZALON
89314,,18,0,13,5,0,0,1,5,8,0,4,0,4569,201512,BENTARIQUE
27,,24,1,18,3,5,1,0,5,10,0,2,3,4569,201501,BENTARIQUE
40612,,31,0,23,3,7,0,1,6,15,0,5,2,4569,201506,BENTARIQUE
8144,,30,2,21,3,7,2,0,5,13,0,5,2,4569,201502,BENTARIQUE
32495,,34,2,25,4,7,2,1,6,15,0,5,1,4569,201505,BENTARIQUE
56846,,34,1,23,4,7,2,1,7,14,0,7,2,4569,201508,BENTARIQUE
48729,,30,0,22,3,5,1,2,6,15,0,4,2,4569,201507,BENTARIQUE
24378,,29,2,21,3,7,2,0,3,14,0,5,1,4569,201504,BENTARIQUE
16261,,33,2,24,3,10,2,0,4,14,0,5,2,4569,201503,BENTARIQUE
64963,,38,1,27,4,8,2,1,7,17,0,7,2,4569,201509,BENTARIQUE
81197,,28,0,17,4,5,0,1,6,13,0,8,2,4569,201511,BENTARIQUE
73080,,32,1,22,4,7,2,1,6,13,0,6,2,4569,201510,BENTARIQUE
73081,,1646,151,846,318,405,95,63,406,322,100,282,304,4760,201510,BERJA
40613,,1995,151,1142,376,577,151,63,421,353,117,281,358,4760,201506,BERJA
28,,1672,146,731,292,378,72,65,458,386,86,403,327,4760,201501,BERJA
64964,,1920,161,1054,358,513,135,67,429,369,116,292,346,4760,201509,BERJA
89315,,1497,126,713,286,330,82,58,399,329,71,305,295,4760,201512,BERJA
16262,,1756,144,819,305,412,103,64,440,393,103,363,366,4760,201503,BERJA
8145,,1708,143,768,298,406,86,62,449,383,86,384,351,4760,201502,BERJA
24379,,1909,158,982,340,489,139,68,423,386,132,333,368,4760,201504,BERJA
81198,,1508,133,740,290,352,87,56,391,310,78,290,289,4760,201511,BERJA
56847,,2129,166,1212,381,590,158,65,441,439,120,295,391,4760,201508,BERJA
32496,,1856,159,1002,344,509,145,65,402,341,115,286,344,4760,201505,BERJA
48730,,2077,161,1195,385,584,166,64,434,390,118,283,374,4760,201507,BERJA
32497,,135,15,83,14,24,14,8,37,29,17,19,10,4450,201505,CANJAYAR
56848,,141,18,79,13,20,11,9,45,34,18,26,9,4450,201508,CANJAYAR
40614,,144,18,87,15,24,14,7,44,29,18,21,11,4450,201506,CANJAYAR
24380,,136,18,79,15,22,13,8,41,30,15,19,12,4450,201504,CANJAYAR
48731,,142,18,82,14,21,12,7,45,33,17,25,10,4450,201507,CANJAYAR
8146,,141,17,74,14,23,11,6,40,39,14,26,18,4450,201502,CANJAYAR
81199,,118,14,70,11,13,11,5,37,32,14,19,10,4450,201511,CANJAYAR
64965,,145,17,87,12,21,14,9,43,38,17,22,10,4450,201509,CANJAYAR
89316,,117,13,68,12,14,9,6,39,30,13,20,10,4450,201512,CANJAYAR
73082,,124,15,72,11,15,11,6,39,33,15,20,11,4450,201510,CANJAYAR
29,,142,16,76,13,23,8,5,41,39,18,28,17,4450,201501,CANJAYAR
16263,,127,18,68,16,18,8,8,36,33,16,20,13,4450,201503,CANJAYAR
30,,327,31,167,40,79,9,44,99,76,24,56,29,4850,201501,CANTORIA
24381,,326,31,181,46,80,10,44,101,67,22,46,24,4850,201504,CANTORIA
8147,,327,31,173,43,81,9,42,100,72,22,55,26,4850,201502,CANTORIA
48732,,315,34,177,50,79,13,34,93,59,21,47,23,4850,201507,CANTORIA
16264,,335,33,181,47,79,11,43,107,69,22,50,28,4850,201503,CANTORIA
73083,,330,40,183,54,81,17,36,93,59,26,47,24,4850,201510,CANTORIA
56849,,333,35,180,52,82,14,35,97,65,23,59,24,4850,201508,CANTORIA
89317,,313,32,179,49,73,15,37,98,54,24,44,21,4850,201512,CANTORIA
64966,,331,39,187,54,82,17,36,96,60,22,45,24,4850,201509,CANTORIA
32498,,316,31,179,46,81,10,38,101,55,23,44,24,4850,201505,CANTORIA
81200,,321,38,179,53,78,17,36,93,55,25,45,23,4850,201511,CANTORIA
40615,,340,38,192,51,88,13,37,99,64,25,51,22,4850,201506,CANTORIA
81201,,803,76,487,163,235,29,61,152,174,50,101,78,4140,201511,CARBONERAS
48733,,643,70,368,146,188,21,63,121,131,36,89,53,4140,201507,CARBONERAS
64967,,730,62,459,162,216,27,56,136,152,37,91,62,4140,201509,CARBONERAS
73084,,818,74,499,172,232,41,52,144,183,46,100,93,4140,201510,CARBONERAS
24382,,775,87,450,166,230,42,51,140,156,41,79,108,4140,201504,CARBONERAS
16265,,824,93,464,168,228,36,63,152,187,53,92,112,4140,201503,CARBONERAS
40616,,698,80,409,163,201,33,62,123,141,37,91,56,4140,201506,CARBONERAS
31,,783,80,452,157,218,36,75,146,186,40,94,82,4140,201501,CARBONERAS
8148,,870,95,492,163,251,39,72,163,195,59,103,108,4140,201502,CARBONERAS
32499,,754,87,435,163,214,38,61,136,163,40,94,77,4140,201505,CARBONERAS
89318,,777,77,472,165,224,29,59,143,168,48,101,68,4140,201512,CARBONERAS
56850,,620,55,367,150,182,17,62,121,121,29,85,51,4140,201508,CARBONERAS
64968,,14,2,10,3,5,2,0,2,1,1,1,1,4212,201509,CASTRO DE FILABRES
24383,,10,2,6,2,2,2,0,0,3,1,1,1,4212,201504,CASTRO DE FILABRES
16266,,3,1,2,1,0,1,0,0,1,0,0,0,4212,201503,CASTRO DE FILABRES
56851,,10,2,7,3,3,2,0,1,0,1,0,1,4212,201508,CASTRO DE FILABRES
32500,,10,2,6,2,2,2,0,1,2,1,1,1,4212,201505,CASTRO DE FILABRES
89319,,4,0,3,1,1,0,0,1,1,0,1,0,4212,201512,CASTRO DE FILABRES
40617,,8,2,5,2,2,2,0,1,0,1,0,1,4212,201506,CASTRO DE FILABRES
81202,,6,0,4,2,2,0,0,1,1,0,1,1,4212,201511,CASTRO DE FILABRES
48734,,9,2,6,2,3,2,0,1,0,1,0,1,4212,201507,CASTRO DE FILABRES
32,,5,2,3,1,1,1,0,1,1,0,0,0,4212,201501,CASTRO DE FILABRES
8149,,5,1,4,1,1,1,0,0,2,0,0,0,4212,201502,CASTRO DE FILABRES
73085,,11,1,8,3,3,2,0,2,1,0,1,1,4212,201510,CASTRO DE FILABRES
48737,,29,2,22,1,6,3,4,7,9,3,0,1,4859,201507,CHERCOS
64971,,28,2,20,0,8,3,5,7,8,2,0,1,4859,201509,CHERCOS
8152,,28,1,17,0,5,2,8,6,13,2,1,1,4859,201502,CHERCOS
24386,,33,2,22,1,7,3,7,6,12,4,1,1,4859,201504,CHERCOS
81205,,29,2,19,0,6,2,5,6,12,3,2,1,4859,201511,CHERCOS
89322,,25,2,16,0,7,2,6,5,8,3,1,0,4859,201512,CHERCOS
32503,,27,2,19,1,7,3,4,4,8,4,1,1,4859,201505,CHERCOS
56854,,32,2,24,1,8,3,5,8,9,3,0,1,4859,201508,CHERCOS
40620,,30,2,23,1,7,3,3,6,10,3,1,1,4859,201506,CHERCOS
16269,,30,2,19,1,7,2,7,5,12,3,1,1,4859,201503,CHERCOS
35,,24,1,14,1,4,1,7,7,9,2,1,1,4859,201501,CHERCOS
73088,,29,2,21,0,9,3,5,7,8,2,0,1,4859,201510,CHERCOS
32504,,91,11,67,7,23,10,2,15,24,12,6,5,4825,201505,CHIRIVEL
81206,,66,6,50,8,18,5,1,15,15,5,3,6,4825,201511,CHIRIVEL
16270,,73,8,49,6,15,7,4,19,19,7,6,6,4825,201503,CHIRIVEL
73089,,85,7,63,9,24,6,2,21,19,6,5,8,4825,201510,CHIRIVEL
24387,,76,11,49,6,14,10,4,19,18,9,6,6,4825,201504,CHIRIVEL
89323,,66,9,44,8,17,4,1,16,14,7,5,7,4825,201512,CHIRIVEL
64972,,85,7,64,8,23,6,2,18,24,6,5,7,4825,201509,CHIRIVEL
56855,,82,7,60,9,21,6,1,18,20,8,8,6,4825,201508,CHIRIVEL
36,,90,4,67,7,23,9,6,21,21,9,7,6,4825,201501,CHIRIVEL
40621,,95,11,70,7,23,8,3,19,26,12,5,6,4825,201506,CHIRIVEL
48738,,91,8,71,9,21,6,2,21,23,11,5,5,4825,201507,CHIRIVEL
8153,,81,6,59,5,22,9,4,21,16,8,6,6,4825,201502,CHIRIVEL
73086,,20,1,17,1,6,0,0,5,6,2,1,1,4859,201510,COBDAR
24384,,13,0,11,1,5,1,0,2,4,0,1,1,4859,201504,COBDAR
64969,,19,0,17,1,6,0,0,5,5,2,1,1,4859,201509,COBDAR
89320,,15,1,11,2,5,0,0,3,5,0,1,2,4859,201512,COBDAR
56852,,17,0,14,1,4,0,0,5,5,2,2,1,4859,201508,COBDAR
32501,,11,0,9,1,5,0,0,2,2,1,1,1,4859,201505,COBDAR
81203,,15,1,13,2,5,0,0,3,5,0,0,1,4859,201511,COBDAR
16267,,12,0,10,1,2,2,1,2,4,1,0,1,4859,201503,COBDAR
8150,,11,0,9,1,1,2,1,2,3,2,0,1,4859,201502,COBDAR
40618,,12,0,10,1,4,1,0,3,2,1,1,1,4859,201506,COBDAR
33,,12,0,10,1,2,0,1,3,4,2,0,1,4859,201501,COBDAR
48735,,14,0,12,1,3,1,0,4,3,2,1,1,4859,201507,COBDAR
34,,1336,122,726,237,360,64,55,292,330,53,220,213,4610,201501,CUEVAS DEL ALMANZORA
16268,,1274,116,688,241,355,63,52,265,295,55,207,211,4610,201503,CUEVAS DEL ALMANZORA
24385,,1317,120,746,249,373,66,50,261,311,57,190,211,4610,201504,CUEVAS DEL ALMANZORA
8151,,1316,117,720,242,372,61,56,285,303,53,218,205,4610,201502,CUEVAS DEL ALMANZORA
81204,,1311,123,795,255,375,72,43,248,292,69,166,184,4610,201511,CUEVAS DEL ALMANZORA
89321,,1327,117,791,256,377,73,45,262,294,65,172,202,4610,201512,CUEVAS DEL ALMANZORA
64970,,1380,132,812,247,378,72,44,282,334,67,173,219,4610,201509,CUEVAS DEL ALMANZORA
40619,,1252,121,700,245,331,59,45,252,310,55,188,198,4610,201506,CUEVAS DEL ALMANZORA
56853,,1299,126,724,241,333,62,46,276,329,58,181,222,4610,201508,CUEVAS DEL ALMANZORA
48736,,1225,129,680,243,319,66,45,257,278,62,173,198,4610,201507,CUEVAS DEL ALMANZORA
32502,,1301,122,735,255,351,68,47,254,315,58,187,210,4610,201505,CUEVAS DEL ALMANZORA
73087,,1342,120,809,254,384,72,47,260,310,62,170,196,4610,201510,CUEVAS DEL ALMANZORA
8154,,282,21,149,50,65,14,12,74,64,15,55,45,4750,201502,DALIAS
32505,,342,26,210,61,91,32,10,69,68,21,52,44,4750,201505,DALIAS
48739,,396,24,266,71,116,36,11,75,72,26,51,44,4750,201507,DALIAS
81207,,269,25,157,56,65,18,8,62,54,14,47,32,4750,201511,DALIAS
16271,,293,20,164,53,73,16,10,75,60,16,53,46,4750,201503,DALIAS
40622,,348,24,224,68,95,31,10,67,66,21,49,41,4750,201506,DALIAS
37,,294,19,160,52,71,14,12,77,69,11,59,44,4750,201501,DALIAS
73090,,291,28,176,56,73,20,8,64,59,19,45,34,4750,201510,DALIAS
64973,,354,27,228,66,100,33,9,66,64,25,47,43,4750,201509,DALIAS
24388,,333,24,197,62,86,24,9,73,68,20,56,47,4750,201504,DALIAS
89324,,257,24,148,56,59,14,6,63,51,14,48,31,4750,201512,DALIAS
56856,,397,24,269,68,128,35,9,70,71,25,52,43,4750,201508,DALIAS
24452,,9331,1221,4430,1568,2756,621,326,1637,2217,532,762,2592,4700,201504,"EJIDO, EL"
65037,,10139,1010,5616,1774,3192,615,358,1745,2296,517,658,2497,4700,201509,"EJIDO, EL"
89388,,7136,838,3460,1311,2100,345,255,1411,1650,319,601,1982,4700,201512,"EJIDO, EL"
56920,,10870,1011,6086,1872,3428,624,388,1843,2587,516,668,2717,4700,201508,"EJIDO, EL"
16335,,9072,1204,4128,1460,2604,548,295,1662,2283,515,806,2639,4700,201503,"EJIDO, EL"
32569,,9423,1201,4634,1608,2866,665,306,1591,2150,543,711,2571,4700,201505,"EJIDO, EL"
73154,,8375,964,4266,1471,2516,509,296,1560,1913,406,637,2212,4700,201510,"EJIDO, EL"
101,,8729,1063,3989,1437,2417,461,303,1671,2305,438,853,2521,4700,201501,"EJIDO, EL"
8218,,8862,1082,4035,1454,2504,455,299,1670,2343,436,842,2604,4700,201502,"EJIDO, EL"
48803,,10817,1018,6022,1859,3397,631,366,1804,2604,522,656,2755,4700,201507,"EJIDO, EL"
81271,,7447,892,3716,1348,2233,421,252,1406,1689,350,583,2004,4700,201511,"EJIDO, EL"
40686,,10066,1078,5309,1780,3163,633,314,1674,2333,483,678,2687,4700,201506,"EJIDO, EL"
38,,21,1,14,4,4,0,1,7,6,0,4,1,4729,201501,ENIX
81208,,20,1,14,3,2,0,2,11,4,0,3,0,4729,201511,ENIX
40623,,26,1,18,5,4,0,2,10,7,0,5,0,4729,201506,ENIX
32506,,26,1,18,5,4,0,2,10,7,0,5,0,4729,201505,ENIX
8155,,23,1,15,4,3,0,2,10,6,0,4,1,4729,201502,ENIX
73091,,24,1,17,4,2,0,2,10,7,1,3,1,4729,201510,ENIX
56857,,25,1,18,5,3,0,2,10,7,0,4,0,4729,201508,ENIX
16272,,26,1,20,4,5,0,2,11,6,0,3,0,4729,201503,ENIX
24389,,28,1,20,4,5,0,2,11,7,1,5,0,4729,201504,ENIX
64974,,26,1,20,5,3,0,1,10,7,1,3,1,4729,201509,ENIX
89325,,21,1,15,3,2,0,2,11,5,0,3,0,4729,201512,ENIX
48740,,28,1,19,5,4,0,2,10,8,1,5,1,4729,201507,ENIX
89326,,36,3,26,5,7,2,0,10,10,2,2,5,4728,201512,FELIX
24390,,45,5,33,8,11,3,1,12,8,3,1,5,4728,201504,FELIX
16273,,43,5,31,8,11,3,2,12,6,3,0,5,4728,201503,FELIX
48741,,40,3,32,7,9,3,1,10,9,2,0,4,4728,201507,FELIX
40624,,40,3,32,7,10,3,1,11,8,1,0,4,4728,201506,FELIX
8156,,41,5,30,8,10,4,3,9,8,2,0,3,4728,201502,FELIX
81209,,34,3,23,2,7,2,0,12,9,2,1,7,4728,201511,FELIX
32507,,42,5,30,8,10,3,2,12,7,2,1,4,4728,201505,FELIX
73092,,36,3,25,3,8,2,0,13,8,2,1,7,4728,201510,FELIX
39,,31,4,20,6,7,4,3,7,6,1,0,4,4728,201501,FELIX
56858,,42,3,33,4,12,3,0,12,10,1,2,4,4728,201508,FELIX
64975,,41,3,32,7,13,3,0,11,6,1,1,5,4728,201509,FELIX
8158,,228,40,99,20,46,17,20,62,54,29,42,27,4500,201502,FIÑANA
41,,248,45,112,23,52,18,22,64,61,30,39,30,4500,201501,FIÑANA
40626,,203,28,116,19,48,15,10,52,47,22,26,23,4500,201506,FIÑANA
24392,,241,38,124,19,51,21,16,60,60,30,35,28,4500,201504,FIÑANA
16275,,241,42,115,18,50,18,17,67,56,32,41,26,4500,201503,FIÑANA
56860,,210,27,108,20,38,13,12,60,55,24,32,31,4500,201508,FIÑANA
81211,,226,29,117,24,55,18,16,56,55,18,31,33,4500,201511,FIÑANA
32509,,223,32,123,22,49,17,13,57,54,24,32,23,4500,201505,FIÑANA
89328,,215,23,113,24,55,14,16,57,50,15,32,31,4500,201512,FIÑANA
48743,,194,28,106,21,37,18,10,51,50,17,28,22,4500,201507,FIÑANA
73094,,227,30,117,21,46,16,13,61,59,24,37,30,4500,201510,FIÑANA
64977,,222,30,118,22,42,16,12,61,55,26,34,28,4500,201509,FIÑANA
81210,,294,29,166,72,80,16,46,62,48,16,33,20,4869,201511,FINES
48742,,287,33,157,71,80,13,47,58,51,14,33,17,4869,201507,FINES
32508,,306,40,165,75,86,18,46,55,51,21,35,20,4869,201505,FINES
56859,,295,31,166,72,75,16,46,65,53,14,36,16,4869,201508,FINES
24391,,310,42,161,75,81,17,49,63,54,20,38,20,4869,201504,FINES
89327,,291,27,163,69,79,13,46,66,50,14,34,21,4869,201512,FINES
40,,309,35,150,74,74,14,61,70,64,13,41,22,4869,201501,FINES
73093,,294,29,171,68,78,18,48,63,52,15,34,12,4869,201510,FINES
40625,,303,41,161,73,83,18,47,57,53,19,35,19,4869,201506,FINES
8157,,302,35,150,74,75,11,57,65,61,16,38,22,4869,201502,FINES
16274,,318,39,167,77,79,15,52,67,62,18,38,22,4869,201503,FINES
64976,,304,30,170,76,74,17,50,68,55,14,38,16,4869,201509,FINES
81212,,73,4,40,12,16,2,7,26,15,2,16,6,4460,201511,FONDON
24393,,100,3,65,19,21,7,14,27,23,3,14,4,4460,201504,FONDON
16276,,84,4,46,19,18,4,15,26,14,3,13,6,4460,201503,FONDON
56861,,106,3,67,18,24,6,12,42,14,2,14,10,4460,201508,FONDON
48744,,109,3,72,20,24,6,13,34,20,5,13,8,4460,201507,FONDON
42,,107,5,54,21,25,6,21,32,20,3,15,12,4460,201501,FONDON
73095,,85,4,49,15,18,4,8,31,15,2,16,8,4460,201510,FONDON
40627,,106,3,69,17,22,8,14,32,23,4,12,8,4460,201506,FONDON
32510,,107,3,67,18,21,9,15,29,26,4,15,7,4460,201505,FONDON
64978,,91,4,58,15,19,5,7,37,13,2,15,7,4460,201509,FONDON
8159,,101,4,53,20,26,4,20,30,19,2,15,9,4460,201502,FONDON
89329,,86,4,49,17,18,3,10,31,14,3,14,9,4460,201512,FONDON
48745,,536,64,307,91,139,33,33,109,126,38,62,70,4560,201507,GADOR
16277,,452,57,227,76,101,29,38,91,121,34,71,59,4560,201503,GADOR
56862,,544,64,318,89,147,36,33,108,125,39,66,63,4560,201508,GADOR
64979,,530,64,317,89,137,40,28,105,120,39,62,59,4560,201509,GADOR
43,,443,55,219,77,99,23,38,98,117,29,78,53,4560,201501,GADOR
24394,,496,65,261,78,118,40,38,96,122,42,69,63,4560,201504,GADOR
8160,,424,51,223,76,95,23,36,96,107,27,70,44,4560,201502,GADOR
73096,,498,60,288,84,121,34,26,103,121,35,66,58,4560,201510,GADOR
81213,,455,60,249,77,106,29,24,94,116,33,64,58,4560,201511,GADOR
32511,,540,69,301,81,139,44,35,100,130,46,63,72,4560,201505,GADOR
89330,,399,56,221,70,86,19,21,92,100,32,56,45,4560,201512,GADOR
40628,,545,64,308,83,145,41,37,99,134,43,60,76,4560,201506,GADOR
81214,,181,10,132,33,53,3,5,52,30,10,28,6,4280,201511,"GALLARDOS, LOS"
48746,,160,8,109,30,44,0,7,55,26,5,27,9,4280,201507,"GALLARDOS, LOS"
32512,,182,10,125,32,49,1,9,54,39,7,28,10,4280,201505,"GALLARDOS, LOS"
89331,,176,9,130,32,52,4,6,51,28,9,24,7,4280,201512,"GALLARDOS, LOS"
8161,,202,13,127,35,52,4,12,60,46,5,39,11,4280,201502,"GALLARDOS, LOS"
16278,,186,13,120,34,50,4,12,58,36,4,31,10,4280,201503,"GALLARDOS, LOS"
40629,,177,10,120,31,47,3,10,58,31,7,28,9,4280,201506,"GALLARDOS, LOS"
44,,199,9,123,36,48,4,14,61,46,4,40,13,4280,201501,"GALLARDOS, LOS"
73097,,181,9,126,35,53,3,6,50,32,8,30,10,4280,201510,"GALLARDOS, LOS"
24395,,186,11,124,31,52,3,12,57,39,4,29,10,4280,201504,"GALLARDOS, LOS"
56863,,161,7,111,31,43,2,6,49,33,3,25,12,4280,201508,"GALLARDOS, LOS"
64980,,165,8,115,28,45,4,5,47,35,6,26,11,4280,201509,"GALLARDOS, LOS"
16279,,1027,68,732,216,279,39,35,201,243,49,153,39,4630,201503,GARRUCHA
89332,,1146,67,889,249,336,41,36,215,254,51,128,26,4630,201512,GARRUCHA
48747,,741,72,489,165,173,24,22,181,164,34,134,24,4630,201507,GARRUCHA
8162,,1145,68,849,227,335,49,37,216,266,52,157,34,4630,201502,GARRUCHA
56864,,766,66,496,165,171,27,27,180,189,34,145,32,4630,201508,GARRUCHA
32513,,977,77,691,217,255,39,34,200,210,56,141,34,4630,201505,GARRUCHA
73098,,1084,71,834,234,303,46,27,201,249,51,126,26,4630,201510,GARRUCHA
81215,,1160,69,923,249,337,48,25,208,263,55,121,22,4630,201511,GARRUCHA
64981,,940,73,673,205,234,40,29,188,225,48,138,27,4630,201509,GARRUCHA
45,,1198,63,899,230,348,52,38,222,290,56,162,36,4630,201501,GARRUCHA
40630,,848,81,564,186,206,29,32,196,179,52,136,35,4630,201506,GARRUCHA
24396,,1022,74,731,219,275,39,37,204,233,52,140,40,4630,201504,GARRUCHA
40631,,84,7,47,11,17,5,3,28,14,9,15,12,4550,201506,GERGAL
46,,96,7,49,14,18,7,6,31,20,6,16,18,4550,201501,GERGAL
73099,,85,4,51,15,19,6,2,27,13,5,14,14,4550,201510,GERGAL
48748,,71,4,40,11,14,3,4,25,13,5,12,11,4550,201507,GERGAL
89333,,76,3,45,13,17,4,2,25,13,4,13,13,4550,201512,GERGAL
64982,,84,4,48,14,20,5,2,25,16,4,15,15,4550,201509,GERGAL
32514,,90,9,51,11,21,6,4,31,12,9,13,13,4550,201505,GERGAL
8163,,100,11,50,13,19,8,5,35,16,9,16,18,4550,201502,GERGAL
56865,,71,2,43,12,17,2,2,25,13,2,15,9,4550,201508,GERGAL
81216,,83,4,50,15,17,7,2,25,15,4,11,16,4550,201511,GERGAL
16280,,91,12,42,14,15,9,6,32,13,8,14,17,4550,201503,GERGAL
24397,,91,10,48,12,18,6,6,33,13,9,15,12,4550,201504,GERGAL
48749,,30,2,22,5,9,1,1,9,2,4,4,1,4409,201507,HUECIJA
89334,,29,1,22,7,10,0,1,9,2,1,4,1,4409,201512,HUECIJA
8164,,34,4,24,6,12,3,1,5,4,4,3,2,4409,201502,HUECIJA
40632,,31,1,21,5,10,2,1,8,3,3,7,1,4409,201506,HUECIJA
81217,,29,1,22,6,10,2,1,9,1,1,4,1,4409,201511,HUECIJA
47,,34,3,22,5,10,2,2,7,7,3,5,2,4409,201501,HUECIJA
32515,,32,2,20,6,9,2,2,7,3,5,7,1,4409,201505,HUECIJA
16281,,33,2,23,8,11,2,2,8,1,3,4,2,4409,201503,HUECIJA
73100,,32,0,24,5,11,2,1,10,3,1,6,1,4409,201510,HUECIJA
56866,,32,1,22,5,10,0,1,10,3,4,7,1,4409,201508,HUECIJA
64983,,36,1,25,5,12,0,1,10,5,4,7,2,4409,201509,HUECIJA
24398,,35,2,22,7,11,2,2,8,2,5,7,2,4409,201504,HUECIJA
32516,,2099,191,1433,369,652,112,101,349,483,134,310,64,4230,201505,HUERCAL DE ALMERIA
24399,,2020,188,1365,373,622,106,111,354,450,115,296,60,4230,201504,HUERCAL DE ALMERIA
48,,2031,161,1374,346,640,77,116,350,513,105,314,66,4230,201501,HUERCAL DE ALMERIA
56867,,2103,163,1461,363,683,90,103,367,479,121,296,80,4230,201508,HUERCAL DE ALMERIA
64984,,2173,178,1520,383,711,108,109,371,483,117,287,79,4230,201509,HUERCAL DE ALMERIA
73101,,2097,166,1470,368,684,105,107,358,469,113,282,72,4230,201510,HUERCAL DE ALMERIA
16282,,2029,177,1368,363,616,92,119,352,495,111,305,60,4230,201503,HUERCAL DE ALMERIA
40633,,2136,162,1488,374,686,98,99,359,496,123,315,72,4230,201506,HUERCAL DE ALMERIA
48750,,2088,169,1441,364,661,94,98,357,484,128,306,74,4230,201507,HUERCAL DE ALMERIA
89335,,1890,160,1290,336,585,89,101,349,432,99,279,60,4230,201512,HUERCAL DE ALMERIA
81218,,1948,165,1351,349,620,94,102,346,431,108,270,60,4230,201511,HUERCAL DE ALMERIA
8165,,2030,157,1384,358,632,88,116,354,500,98,311,62,4230,201502,HUERCAL DE ALMERIA
73102,,1560,142,991,323,503,84,109,321,265,64,151,167,4600,201510,HUERCAL-OVERA
56868,,1702,149,1040,314,530,82,124,365,345,66,180,209,4600,201508,HUERCAL-OVERA
81219,,1510,134,956,311,500,93,120,290,255,61,139,161,4600,201511,HUERCAL-OVERA
40634,,1697,175,1031,336,550,105,106,318,312,76,169,216,4600,201506,HUERCAL-OVERA
8166,,1798,206,1071,339,579,122,115,351,320,87,200,206,4600,201502,HUERCAL-OVERA
64985,,1695,156,1059,316,540,89,123,350,325,75,158,199,4600,201509,HUERCAL-OVERA
89336,,1467,130,915,298,475,87,115,291,261,55,151,156,4600,201512,HUERCAL-OVERA
16283,,1791,211,1076,330,591,132,111,340,309,89,191,202,4600,201503,HUERCAL-OVERA
49,,1787,193,1062,337,557,113,113,366,331,83,222,197,4600,201501,HUERCAL-OVERA
24400,,1728,209,1035,334,579,127,104,324,285,79,181,199,4600,201504,HUERCAL-OVERA
32517,,1744,198,1031,333,580,118,106,322,313,78,181,228,4600,201505,HUERCAL-OVERA
48751,,1700,165,1003,313,537,88,124,350,337,75,184,224,4600,201507,HUERCAL-OVERA
64986,,34,4,25,8,4,2,3,9,6,5,2,0,4431,201509,ILLAR
89337,,34,4,25,6,5,2,3,8,7,6,1,1,4431,201512,ILLAR
40635,,32,5,22,7,4,1,3,8,6,6,2,0,4431,201506,ILLAR
16284,,27,4,18,6,3,0,3,8,4,6,2,0,4431,201503,ILLAR
73103,,24,4,15,6,2,1,3,5,6,4,2,0,4431,201510,ILLAR
32518,,30,6,19,6,5,1,3,5,4,9,2,0,4431,201505,ILLAR
81220,,27,4,18,5,4,2,3,5,6,5,2,0,4431,201511,ILLAR
8167,,21,2,14,3,2,0,3,8,4,4,2,0,4431,201502,ILLAR
24401,,24,4,15,5,3,0,3,5,4,7,2,0,4431,201504,ILLAR
56869,,34,4,25,5,4,2,3,9,8,6,2,0,4431,201508,ILLAR
50,,22,2,14,2,1,0,3,9,7,3,3,0,4431,201501,ILLAR
48752,,34,5,23,5,4,1,4,9,7,8,2,0,4431,201507,ILLAR
24402,,29,3,23,3,9,1,0,6,8,2,3,0,4430,201504,INSTINCION
51,,34,2,31,4,11,1,0,8,8,2,0,1,4430,201501,INSTINCION
16285,,38,3,30,3,13,1,0,10,9,2,4,1,4430,201503,INSTINCION
32519,,31,2,26,3,9,2,0,7,9,1,3,0,4430,201505,INSTINCION
89338,,31,2,28,3,8,1,1,8,9,2,0,0,4430,201512,INSTINCION
56870,,35,1,28,3,7,1,1,10,13,1,4,1,4430,201508,INSTINCION
40636,,28,1,23,3,6,1,1,7,10,1,3,0,4430,201506,INSTINCION
8168,,34,3,28,3,12,1,0,9,7,2,2,1,4430,201502,INSTINCION
48753,,31,1,26,3,6,1,1,9,11,1,3,0,4430,201507,INSTINCION
81221,,32,2,30,3,9,1,0,9,8,2,0,0,4430,201511,INSTINCION
73104,,30,2,27,3,7,1,0,8,9,2,0,1,4430,201510,INSTINCION
64987,,34,2,26,3,7,1,1,9,12,2,4,1,4430,201509,INSTINCION
56871,,23,1,16,1,5,0,3,11,5,1,2,1,4868,201508,LAROYA
52,,17,0,8,1,4,0,4,6,5,1,2,3,4868,201501,LAROYA
8169,,15,0,9,2,4,0,3,6,3,0,2,1,4868,201502,LAROYA
16286,,18,1,10,2,6,0,4,7,2,1,2,1,4868,201503,LAROYA
24403,,23,2,13,2,7,0,5,9,3,2,2,1,4868,201504,LAROYA
32520,,22,2,12,3,6,0,5,7,4,2,2,1,4868,201505,LAROYA
40637,,24,2,14,3,6,0,5,8,5,2,2,1,4868,201506,LAROYA
48754,,22,1,15,1,5,0,3,10,5,1,2,1,4868,201507,LAROYA
64988,,21,1,13,1,6,0,3,9,3,2,3,1,4868,201509,LAROYA
73105,,20,1,12,2,5,0,3,8,3,2,2,2,4868,201510,LAROYA
81222,,19,1,11,2,5,0,3,7,3,2,2,2,4868,201511,LAROYA
89339,,20,1,12,2,4,0,3,9,3,2,2,2,4868,201512,LAROYA
32521,,162,4,111,39,35,5,11,52,23,8,19,17,4470,201505,LAUJAR DE ANDARAX
48755,,183,4,133,43,41,9,10,56,23,11,21,15,4470,201507,LAUJAR DE ANDARAX
56872,,200,5,140,46,42,10,16,63,30,9,24,15,4470,201508,LAUJAR DE ANDARAX
40638,,173,4,123,45,42,7,12,52,21,6,19,15,4470,201506,LAUJAR DE ANDARAX
81223,,140,4,83,35,23,2,12,51,20,9,29,12,4470,201511,LAUJAR DE ANDARAX
53,,171,3,103,41,37,2,12,55,28,8,32,21,4470,201501,LAUJAR DE ANDARAX
89340,,171,3,106,38,29,2,16,64,29,9,35,11,4470,201512,LAUJAR DE ANDARAX
16287,,170,2,107,38,33,2,12,62,25,10,26,23,4470,201503,LAUJAR DE ANDARAX
8170,,172,2,106,38,37,5,15,56,26,10,28,21,4470,201502,LAUJAR DE ANDARAX
64989,,191,5,133,38,45,9,15,60,33,6,24,14,4470,201509,LAUJAR DE ANDARAX
73106,,145,5,91,37,27,5,11,51,20,5,26,12,4470,201510,LAUJAR DE ANDARAX
24404,,173,4,113,40,33,7,11,59,24,10,22,23,4470,201504,LAUJAR DE ANDARAX
64990,,49,3,40,7,11,2,4,16,11,2,1,1,4859,201509,LIJAR
32522,,54,2,44,5,7,3,5,16,18,5,1,2,4859,201505,LIJAR
16288,,54,1,44,5,10,2,7,18,17,2,2,0,4859,201503,LIJAR
48756,,48,2,40,7,11,1,4,16,11,2,1,1,4859,201507,LIJAR
56873,,44,1,37,5,12,1,4,15,9,2,1,1,4859,201508,LIJAR
81224,,45,3,35,6,12,2,4,12,11,2,2,1,4859,201511,LIJAR
40639,,54,2,45,6,9,2,4,18,14,5,1,2,4859,201506,LIJAR
73107,,49,3,38,6,10,2,5,17,12,2,2,1,4859,201510,LIJAR
8171,,48,1,40,5,11,1,6,16,14,1,1,0,4859,201502,LIJAR
24405,,52,1,42,4,8,2,6,18,15,5,2,1,4859,201504,LIJAR
54,,47,1,39,5,11,1,5,14,15,1,2,0,4859,201501,LIJAR
89341,,46,3,37,7,11,2,5,15,10,1,1,0,4859,201512,LIJAR
73108,,108,9,69,13,34,3,7,34,20,4,18,5,4271,201510,LUBRIN
16289,,121,9,69,14,31,6,12,37,29,4,23,8,4271,201503,LUBRIN
81225,,101,7,67,12,31,4,5,31,21,2,15,7,4271,201511,LUBRIN
55,,122,9,72,15,33,4,13,35,29,6,21,7,4271,201501,LUBRIN
8172,,125,8,78,16,32,5,12,38,30,4,20,7,4271,201502,LUBRIN
89342,,105,8,71,11,32,4,5,37,19,2,14,7,4271,201512,LUBRIN
56874,,113,11,68,14,33,4,9,37,23,2,18,7,4271,201508,LUBRIN
48757,,110,12,67,14,31,5,8,34,23,3,15,8,4271,201507,LUBRIN
40640,,117,11,74,15,34,6,8,34,26,2,16,8,4271,201506,LUBRIN
64991,,121,12,70,14,36,3,8,37,28,3,23,8,4271,201509,LUBRIN
24406,,122,9,74,14,32,6,11,34,34,2,21,7,4271,201504,LUBRIN
32523,,120,9,71,14,31,6,12,34,32,3,20,8,4271,201505,LUBRIN
32524,,37,3,22,4,8,4,2,10,9,2,7,3,4210,201505,LUCAINENA DE LAS TORRES
89343,,31,0,16,4,6,0,2,9,9,3,10,3,4210,201512,LUCAINENA DE LAS TORRES
64992,,34,1,19,4,9,2,0,9,9,1,11,3,4210,201509,LUCAINENA DE LAS TORRES
56875,,34,1,17,4,10,1,0,10,8,1,10,6,4210,201508,LUCAINENA DE LAS TORRES
8173,,36,1,20,4,8,1,1,10,11,2,9,5,4210,201502,LUCAINENA DE LAS TORRES
56,,42,1,25,5,9,2,1,13,11,2,10,5,4210,201501,LUCAINENA DE LAS TORRES
16290,,39,2,22,4,8,2,2,13,10,2,9,4,4210,201503,LUCAINENA DE LAS TORRES
73109,,35,1,21,4,9,3,0,10,8,1,10,3,4210,201510,LUCAINENA DE LAS TORRES
48758,,38,1,19,5,9,2,1,9,10,3,9,8,4210,201507,LUCAINENA DE LAS TORRES
24407,,41,3,20,4,7,2,2,15,11,2,7,9,4210,201504,LUCAINENA DE LAS TORRES
81226,,33,0,20,5,7,2,2,9,7,3,8,3,4210,201511,LUCAINENA DE LAS TORRES
40641,,32,2,17,4,7,2,1,9,8,2,8,4,4210,201506,LUCAINENA DE LAS TORRES
40642,,66,9,32,11,18,6,9,20,7,4,10,6,4887,201506,LUCAR
24408,,53,7,23,9,11,5,5,18,7,3,11,7,4887,201504,LUCAR
64993,,57,7,34,12,14,3,6,19,4,5,6,4,4887,201509,LUCAR
48759,,63,10,33,12,18,5,7,17,5,6,8,5,4887,201507,LUCAR
73110,,64,7,40,13,16,5,6,19,6,5,6,5,4887,201510,LUCAR
16291,,58,6,25,10,11,6,6,21,7,3,12,9,4887,201503,LUCAR
8174,,62,8,26,11,11,4,7,20,12,4,12,9,4887,201502,LUCAR
32525,,55,9,24,10,12,7,6,18,4,4,9,7,4887,201505,LUCAR
57,,67,10,26,11,11,5,8,22,14,4,12,11,4887,201501,LUCAR
56876,,60,8,32,12,16,5,7,18,4,5,8,5,4887,201508,LUCAR
89344,,67,6,39,15,14,4,7,23,7,4,7,8,4887,201512,LUCAR
81227,,67,6,42,14,16,5,7,22,6,4,7,5,4887,201511,LUCAR
40643,,725,89,391,183,216,31,184,147,116,32,31,30,4867,201506,MACAEL
16292,,740,89,385,176,211,30,198,155,138,30,40,28,4867,201503,MACAEL
24409,,729,87,391,172,207,32,188,148,135,35,35,28,4867,201504,MACAEL
89345,,674,79,381,175,200,42,155,124,103,30,32,27,4867,201512,MACAEL
56877,,735,88,416,183,213,29,172,148,127,35,31,28,4867,201508,MACAEL
48760,,730,90,405,181,221,29,173,138,127,34,31,31,4867,201507,MACAEL
81228,,695,83,395,179,212,43,152,135,98,28,33,32,4867,201511,MACAEL
58,,743,82,363,180,205,20,228,162,150,26,44,26,4867,201501,MACAEL
32526,,724,91,395,175,218,39,178,145,115,32,34,26,4867,201505,MACAEL
8175,,732,87,362,179,201,27,213,150,148,27,43,27,4867,201502,MACAEL
73111,,702,84,401,174,209,40,157,138,110,31,30,30,4867,201510,MACAEL
64994,,712,88,404,173,205,40,162,144,114,36,29,29,4867,201509,MACAEL
56878,,69,5,50,19,14,2,7,15,16,3,3,4,4838,201508,MARIA
40644,,62,5,41,17,15,2,9,14,11,3,5,2,4838,201506,MARIA
48761,,63,5,45,18,13,2,7,12,14,4,3,3,4838,201507,MARIA
32527,,75,13,44,16,21,6,8,16,13,3,6,4,4838,201505,MARIA
8176,,81,8,50,12,26,3,8,19,17,4,9,6,4838,201502,MARIA
73112,,62,1,47,15,14,3,8,18,11,1,2,4,4838,201510,MARIA
24410,,86,9,51,13,24,5,9,21,18,5,9,8,4838,201504,MARIA
16293,,91,10,54,14,25,6,8,21,20,5,10,9,4838,201503,MARIA
89346,,60,0,46,17,9,4,9,15,15,0,4,1,4838,201512,MARIA
59,,77,9,49,12,26,3,8,18,14,4,7,4,4838,201501,MARIA
81229,,56,1,44,16,12,3,8,13,12,0,1,2,4838,201511,MARIA
64995,,64,1,47,15,12,3,9,15,18,1,3,4,4838,201509,MARIA
89347,,596,34,488,170,145,19,19,130,115,17,48,7,4638,201512,MOJACAR
73113,,528,35,422,153,122,20,16,114,102,17,47,8,4638,201510,MOJACAR
16294,,470,37,365,142,115,15,14,113,70,15,46,8,4638,201503,MOJACAR
32528,,449,37,341,132,91,17,14,121,72,16,53,4,4638,201505,MOJACAR
60,,584,36,475,161,142,23,16,133,104,21,52,5,4638,201501,MOJACAR
56879,,368,37,267,113,71,9,10,103,60,12,50,4,4638,201508,MOJACAR
40645,,412,38,307,130,86,14,9,113,54,15,55,3,4638,201506,MOJACAR
81230,,586,33,483,170,137,19,16,128,116,16,48,6,4638,201511,MOJACAR
48762,,369,35,271,120,76,9,8,102,50,12,52,3,4638,201507,MOJACAR
64996,,423,37,317,118,88,13,13,108,79,17,48,8,4638,201509,MOJACAR
24411,,455,35,350,133,97,11,15,121,80,13,47,8,4638,201504,MOJACAR
8177,,557,37,447,158,133,19,17,131,99,17,48,8,4638,201502,MOJACAR
16336,,841,104,295,138,208,61,29,179,200,55,80,333,4745,201503,"MOJONERA, LA"
48804,,994,88,406,164,264,68,29,180,260,58,62,409,4745,201507,"MOJONERA, LA"
24453,,850,102,306,144,219,70,30,178,185,54,80,332,4745,201504,"MOJONERA, LA"
102,,791,92,294,138,195,52,28,177,194,35,82,295,4745,201501,"MOJONERA, LA"
8219,,811,99,286,136,197,58,31,179,198,43,79,316,4745,201502,"MOJONERA, LA"
89389,,661,76,250,122,160,46,19,151,141,41,73,243,4745,201512,"MOJONERA, LA"
81272,,674,74,265,129,176,51,18,148,128,42,67,250,4745,201511,"MOJONERA, LA"
65038,,885,90,388,163,235,81,28,162,195,49,66,313,4745,201509,"MOJONERA, LA"
40687,,969,91,398,160,262,77,31,178,239,53,63,386,4745,201506,"MOJONERA, LA"
56921,,983,89,425,160,264,75,27,183,244,57,67,375,4745,201508,"MOJONERA, LA"
73155,,772,86,320,143,189,64,21,155,167,54,70,275,4745,201510,"MOJONERA, LA"
32570,,877,103,339,149,238,72,30,169,191,58,70,335,4745,201505,"MOJONERA, LA"
16295,,35,5,16,8,6,1,5,9,5,6,0,9,4540,201503,NACIMIENTO
56880,,43,3,17,12,9,4,14,9,5,4,0,9,4540,201508,NACIMIENTO
89348,,43,3,13,10,8,4,19,9,8,4,1,7,4540,201512,NACIMIENTO
61,,36,3,16,7,5,2,9,7,9,6,0,8,4540,201501,NACIMIENTO
81231,,50,4,16,13,10,4,20,9,8,6,1,9,4540,201511,NACIMIENTO
24412,,39,6,17,10,4,3,8,9,5,8,0,8,4540,201504,NACIMIENTO
64997,,42,4,14,13,8,5,16,8,4,4,0,8,4540,201509,NACIMIENTO
73114,,46,4,17,13,10,5,17,9,4,5,0,8,4540,201510,NACIMIENTO
40646,,44,5,23,11,9,3,9,9,4,8,0,7,4540,201506,NACIMIENTO
32529,,35,5,17,10,5,3,7,8,3,6,0,6,4540,201505,NACIMIENTO
8178,,35,4,17,7,6,2,5,8,6,6,0,9,4540,201502,NACIMIENTO
48763,,33,2,19,9,6,2,4,9,2,5,0,8,4540,201507,NACIMIENTO
16296,,2698,268,1163,435,661,135,86,580,749,138,246,935,4100,201503,NIJAR
8179,,2743,258,1184,450,682,131,90,579,765,136,256,955,4100,201502,NIJAR
48764,,2905,245,1239,464,774,139,74,572,833,123,226,1121,4100,201507,NIJAR
40647,,2785,260,1162,457,740,143,74,546,781,118,218,1071,4100,201506,NIJAR
89349,,2343,193,1114,400,596,121,68,508,609,109,216,752,4100,201512,NIJAR
56881,,2918,226,1322,487,822,143,75,565,784,117,240,1055,4100,201508,NIJAR
81232,,2355,204,1187,417,604,133,76,519,562,120,225,663,4100,201511,NIJAR
62,,2620,237,1166,450,651,118,91,563,718,120,262,864,4100,201501,NIJAR
32530,,2660,264,1124,436,715,146,80,526,708,129,228,964,4100,201505,NIJAR
73115,,2610,214,1334,462,717,161,72,530,617,123,232,758,4100,201510,NIJAR
64998,,2880,222,1446,513,810,167,72,569,697,124,237,903,4100,201509,NIJAR
24413,,2724,284,1181,443,704,154,80,555,737,131,241,938,4100,201504,NIJAR
89350,,74,7,54,6,17,5,2,19,18,9,6,5,4459,201512,OHANES
63,,67,8,47,7,9,7,2,19,14,11,5,5,4459,201501,OHANES
56882,,76,10,53,6,16,11,1,18,17,8,6,6,4459,201508,OHANES
24414,,72,12,47,6,12,11,3,17,18,8,6,4,4459,201504,OHANES
48765,,70,10,48,6,14,9,1,16,17,8,5,6,4459,201507,OHANES
64999,,75,8,56,6,18,7,1,17,18,9,5,5,4459,201509,OHANES
16297,,73,11,46,4,12,10,4,18,16,13,7,5,4459,201503,OHANES
81233,,73,6,54,5,17,5,2,20,19,7,7,4,4459,201511,OHANES
73116,,77,7,58,7,18,6,2,19,19,8,6,4,4459,201510,OHANES
40648,,79,11,55,7,14,10,2,19,16,13,5,6,4459,201506,OHANES
8180,,77,10,49,5,11,9,4,20,17,15,7,7,4459,201502,OHANES
32531,,73,11,50,7,12,10,3,18,16,10,6,3,4459,201505,OHANES
24415,,3,0,2,0,1,0,0,1,1,0,0,1,4212,201504,OLULA DE CASTRO
81234,,13,1,10,5,0,1,1,5,2,0,1,0,4212,201511,OLULA DE CASTRO
32532,,4,0,4,0,0,0,0,2,2,0,0,0,4212,201505,OLULA DE CASTRO
64,,4,0,3,0,0,0,0,2,2,0,1,0,4212,201501,OLULA DE CASTRO
8181,,1,0,0,0,0,0,0,0,1,0,1,0,4212,201502,OLULA DE CASTRO
65000,,9,1,5,0,0,1,1,5,3,0,1,1,4212,201509,OLULA DE CASTRO
89351,,7,0,4,1,0,0,1,3,3,0,1,1,4212,201512,OLULA DE CASTRO
40649,,10,0,7,2,0,0,0,4,4,0,2,1,4212,201506,OLULA DE CASTRO
16298,,1,0,1,0,0,0,0,1,0,0,0,0,4212,201503,OLULA DE CASTRO
56883,,7,0,4,0,0,0,1,5,2,0,1,1,4212,201508,OLULA DE CASTRO
48766,,8,0,4,0,0,0,1,5,3,0,2,1,4212,201507,OLULA DE CASTRO
73117,,7,1,4,0,0,1,0,3,3,0,1,1,4212,201510,OLULA DE CASTRO
89352,,811,106,437,185,238,24,167,213,115,36,64,37,4860,201512,OLULA DEL RIO
8182,,887,108,464,185,247,22,192,240,158,35,72,51,4860,201502,OLULA DEL RIO
48767,,844,105,461,177,228,38,169,227,134,40,72,37,4860,201507,OLULA DEL RIO
65001,,837,98,460,182,233,34,169,218,130,40,75,35,4860,201509,OLULA DEL RIO
16299,,897,113,469,188,244,29,199,241,154,41,68,48,4860,201503,OLULA DEL RIO
81235,,831,105,457,191,242,29,167,216,117,36,68,34,4860,201511,OLULA DEL RIO
65,,882,109,442,180,244,20,201,247,159,32,78,52,4860,201501,OLULA DEL RIO
24416,,898,112,480,187,238,32,191,244,150,47,69,46,4860,201504,OLULA DEL RIO
32533,,898,119,487,186,239,39,183,234,150,50,64,45,4860,201505,OLULA DEL RIO
73118,,836,103,458,191,233,32,171,217,122,41,67,37,4860,201510,OLULA DEL RIO
56884,,853,103,468,176,229,38,173,235,134,41,76,33,4860,201508,OLULA DEL RIO
40650,,868,110,476,184,233,32,173,226,146,47,68,41,4860,201506,OLULA DEL RIO
24417,,127,17,67,19,25,12,8,27,33,11,17,18,4810,201504,ORIA
48768,,112,14,60,18,24,9,6,31,24,6,16,16,4810,201507,ORIA
56885,,114,13,63,18,23,8,6,31,27,7,18,14,4810,201508,ORIA
32534,,130,16,70,17,31,11,7,30,31,10,17,20,4810,201505,ORIA
81236,,105,14,54,14,24,6,6,31,22,8,18,13,4810,201511,ORIA
73119,,100,13,53,14,17,6,7,31,22,10,17,10,4810,201510,ORIA
40651,,118,16,60,16,27,10,7,29,25,11,18,17,4810,201506,ORIA
66,,116,13,59,16,27,4,9,30,32,7,15,20,4810,201501,ORIA
8183,,119,15,62,19,28,8,9,27,32,5,12,21,4810,201502,ORIA
89353,,107,13,51,13,22,4,6,34,27,7,19,18,4810,201512,ORIA
16300,,118,13,61,17,25,9,10,25,34,8,14,20,4810,201503,ORIA
65002,,113,20,54,16,21,8,6,30,26,12,17,16,4810,201509,ORIA
40652,,34,1,22,5,4,2,2,6,14,3,8,1,4458,201506,PADULES
56886,,27,1,19,5,3,2,1,6,9,2,6,0,4458,201508,PADULES
65003,,32,2,22,6,4,4,1,6,10,2,7,0,4458,201509,PADULES
67,,33,3,22,6,3,4,2,5,11,4,6,0,4458,201501,PADULES
8184,,34,2,23,7,3,2,2,5,14,3,7,0,4458,201502,PADULES
16301,,31,1,22,8,4,1,2,5,11,2,6,0,4458,201503,PADULES
89354,,30,3,23,5,6,2,1,4,9,4,2,1,4458,201512,PADULES
32535,,32,1,22,5,4,3,2,5,12,3,6,1,4458,201505,PADULES
81237,,27,3,19,6,6,2,1,1,8,4,4,0,4458,201511,PADULES
73120,,34,3,23,5,5,2,1,6,12,4,7,0,4458,201510,PADULES
24418,,37,1,26,8,4,2,2,5,15,3,8,0,4458,201504,PADULES
48769,,31,1,21,3,4,2,1,6,13,3,7,1,4458,201507,PADULES
89355,,20,4,9,3,4,3,3,2,6,2,3,1,4810,201512,PARTALOA
32536,,18,2,11,2,6,1,3,3,5,1,2,0,4810,201505,PARTALOA
40653,,17,3,9,3,5,1,2,2,4,2,2,1,4810,201506,PARTALOA
65004,,19,4,13,3,5,2,1,4,4,1,1,0,4810,201509,PARTALOA
48770,,15,2,9,3,4,1,2,3,3,1,1,1,4810,201507,PARTALOA
68,,17,2,11,3,7,0,2,2,3,2,1,1,4810,201501,PARTALOA
73121,,21,4,12,3,6,3,1,2,6,1,3,1,4810,201510,PARTALOA
56887,,17,2,12,3,5,1,1,4,3,1,1,1,4810,201508,PARTALOA
24419,,16,2,11,2,6,1,2,3,3,1,1,0,4810,201504,PARTALOA
16302,,19,2,13,3,7,1,3,3,4,1,1,0,4810,201503,PARTALOA
81238,,21,4,10,2,5,3,4,2,7,2,2,1,4810,201511,PARTALOA
8185,,17,2,11,3,7,0,3,2,4,1,1,0,4810,201502,PARTALOA
73122,,27,0,21,4,3,3,0,9,5,3,2,4,4479,201510,PATERNA DEL RIO
24420,,28,1,22,3,5,3,0,7,8,2,2,3,4479,201504,PATERNA DEL RIO
89356,,25,1,18,4,1,2,0,8,6,4,2,4,4479,201512,PATERNA DEL RIO
40654,,30,1,25,4,3,3,0,8,10,2,1,3,4479,201506,PATERNA DEL RIO
16303,,26,1,19,3,5,1,0,7,9,1,2,4,4479,201503,PATERNA DEL RIO
8186,,20,1,13,1,5,0,0,7,6,1,2,4,4479,201502,PATERNA DEL RIO
81239,,24,0,19,4,1,2,0,7,5,5,1,4,4479,201511,PATERNA DEL RIO
65005,,30,0,25,3,3,5,0,8,8,3,1,4,4479,201509,PATERNA DEL RIO
32537,,29,1,24,3,4,2,0,8,10,2,1,3,4479,201505,PATERNA DEL RIO
48771,,32,2,25,3,4,1,1,9,11,4,1,3,4479,201507,PATERNA DEL RIO
56888,,34,2,24,3,4,2,0,10,12,3,4,4,4479,201508,PATERNA DEL RIO
69,,26,1,11,2,5,0,1,11,7,1,4,9,4479,201501,PATERNA DEL RIO
65006,,611,62,355,117,176,40,33,127,113,38,92,69,4250,201509,PECHINA
56889,,603,60,348,112,172,35,30,129,115,40,92,73,4250,201508,PECHINA
8187,,561,58,308,93,138,40,30,118,134,38,102,63,4250,201502,PECHINA
81240,,578,62,342,119,149,36,28,118,115,41,88,58,4250,201511,PECHINA
40655,,638,70,344,114,177,41,32,127,129,50,89,103,4250,201506,PECHINA
16304,,547,61,286,91,131,37,35,122,124,42,101,64,4250,201503,PECHINA
73123,,586,60,349,115,162,36,32,123,112,38,87,58,4250,201510,PECHINA
24421,,588,65,320,99,149,45,34,129,123,43,99,70,4250,201504,PECHINA
89357,,542,59,308,104,135,31,24,124,113,35,93,58,4250,201512,PECHINA
70,,567,55,306,90,141,37,33,122,137,40,101,72,4250,201501,PECHINA
48772,,628,62,347,113,175,36,30,133,128,43,98,91,4250,201507,PECHINA
32538,,581,65,322,100,160,39,32,121,117,44,87,75,4250,201505,PECHINA
48773,,441,38,174,98,128,19,23,76,91,29,46,160,4640,201507,PULPI
56890,,443,40,182,96,123,21,27,81,92,30,45,149,4640,201508,PULPI
73124,,450,43,228,103,140,29,25,78,76,24,41,113,4640,201510,PULPI
89358,,420,28,214,97,132,30,28,66,76,19,46,104,4640,201512,PULPI
71,,446,34,201,99,130,28,32,85,82,22,51,128,4640,201501,PULPI
8188,,438,36,194,100,115,24,26,89,85,25,56,126,4640,201502,PULPI
24422,,447,44,203,103,135,22,23,77,82,28,52,125,4640,201504,PULPI
40656,,457,46,190,98,143,27,23,74,88,27,47,151,4640,201506,PULPI
65007,,485,42,223,105,146,27,24,86,92,29,41,155,4640,201509,PULPI
16305,,419,41,180,102,124,19,24,74,79,21,56,118,4640,201503,PULPI
81241,,426,36,223,99,137,34,25,64,73,19,43,99,4640,201511,PULPI
32539,,460,48,197,98,146,28,24,77,85,26,48,143,4640,201505,PULPI
24423,,183,21,80,34,45,14,59,39,39,12,18,5,4870,201504,PURCHENA
89359,,177,21,73,39,40,14,60,46,31,7,16,7,4870,201512,PURCHENA
16306,,189,23,82,38,52,10,58,41,37,11,20,6,4870,201503,PURCHENA
72,,193,26,91,38,50,10,44,44,39,12,21,11,4870,201501,PURCHENA
40657,,196,23,75,42,45,16,72,42,40,11,20,6,4870,201506,PURCHENA
48774,,189,22,71,42,42,17,69,42,39,7,22,5,4870,201507,PURCHENA
56891,,187,22,69,40,39,17,69,46,38,7,21,6,4870,201508,PURCHENA
32540,,199,23,82,38,48,19,71,38,43,13,17,6,4870,201505,PURCHENA
81242,,185,17,81,40,45,16,63,43,35,6,16,8,4870,201511,PURCHENA
8189,,189,25,84,38,49,10,49,41,38,13,20,11,4870,201502,PURCHENA
73125,,189,21,78,40,45,18,67,42,36,8,15,8,4870,201510,PURCHENA
65008,,181,21,68,37,40,17,67,41,40,6,18,7,4870,201509,PURCHENA
73126,,19,2,9,1,2,1,0,6,7,2,4,4,4440,201510,RAGOL
32541,,15,1,8,0,2,0,0,5,5,3,1,5,4440,201505,RAGOL
48775,,17,2,8,1,4,1,0,4,5,2,4,3,4440,201507,RAGOL
65009,,21,2,10,1,3,1,0,7,7,2,4,5,4440,201509,RAGOL
73,,13,0,9,0,1,2,0,3,6,1,0,4,4440,201501,RAGOL
16307,,15,0,9,0,4,1,0,4,5,1,0,6,4440,201503,RAGOL
8190,,12,0,7,0,1,1,0,5,4,1,0,5,4440,201502,RAGOL
89360,,13,2,6,1,1,1,0,6,2,2,2,3,4440,201512,RAGOL
81243,,12,2,4,1,1,1,0,6,2,1,3,3,4440,201511,RAGOL
56892,,18,2,8,1,2,1,0,5,7,2,4,4,4440,201508,RAGOL
24424,,13,0,7,0,3,1,0,4,3,2,0,6,4440,201504,RAGOL
40658,,13,1,5,1,2,0,0,5,4,1,3,4,4440,201506,RAGOL
56893,,246,25,145,51,45,15,6,69,44,22,33,37,4260,201508,RIOJA
16308,,225,24,113,48,31,11,15,72,50,13,40,33,4260,201503,RIOJA
89361,,209,24,117,47,33,7,8,55,48,19,31,29,4260,201512,RIOJA
8191,,217,20,110,48,26,8,17,71,54,10,37,33,4260,201502,RIOJA
65010,,241,27,145,51,42,15,5,68,44,21,33,31,4260,201509,RIOJA
81244,,207,24,120,48,35,9,7,56,39,20,24,32,4260,201511,RIOJA
24425,,229,26,128,43,37,13,13,70,49,17,36,26,4260,201504,RIOJA
40659,,239,23,143,50,43,11,10,67,48,20,30,33,4260,201506,RIOJA
73127,,216,26,127,51,37,13,7,58,38,19,27,29,4260,201510,RIOJA
74,,224,21,115,48,32,8,13,73,51,12,41,34,4260,201501,RIOJA
48776,,237,24,136,49,42,15,8,65,46,20,32,37,4260,201507,RIOJA
32542,,235,26,135,46,40,13,12,69,46,21,33,29,4260,201505,RIOJA
65011,,10440,748,6725,2129,3291,499,367,1933,2194,394,1096,1504,4740,201509,ROQUETAS DE MAR
73128,,10181,779,6615,2143,3134,460,350,1919,2065,460,1075,1362,4740,201510,ROQUETAS DE MAR
40660,,10255,793,6207,2106,3167,468,380,1909,2191,414,1106,1769,4740,201506,ROQUETAS DE MAR
24426,,10282,894,6150,2079,3061,468,405,1937,2273,464,1271,1562,4740,201504,ROQUETAS DE MAR
48777,,10103,733,6119,2063,3073,426,361,1910,2263,368,1082,1808,4740,201507,ROQUETAS DE MAR
56894,,10283,719,6413,2078,3151,448,379,1966,2272,368,1120,1652,4740,201508,ROQUETAS DE MAR
89362,,9296,737,5776,1929,2684,366,355,1876,2040,401,1145,1283,4740,201512,ROQUETAS DE MAR
81245,,9645,756,6180,2010,2872,417,345,1861,2047,438,1082,1282,4740,201511,ROQUETAS DE MAR
16309,,10157,860,5962,2022,2902,411,398,1997,2376,449,1349,1588,4740,201503,ROQUETAS DE MAR
75,,10093,808,6044,2005,2902,374,408,1984,2382,446,1347,1486,4740,201501,ROQUETAS DE MAR
32543,,10182,890,6162,2054,3092,515,399,1848,2190,483,1170,1561,4740,201505,ROQUETAS DE MAR
8192,,10079,812,6023,2011,2888,380,397,1990,2368,442,1328,1519,4740,201502,ROQUETAS DE MAR
56895,,18,4,10,3,1,0,1,6,4,4,2,1,4568,201508,SANTA CRUZ DE MARCHENA
8193,,14,1,9,3,0,0,1,6,5,0,1,2,4568,201502,SANTA CRUZ DE MARCHENA
40661,,24,4,16,3,2,0,1,9,6,4,2,1,4568,201506,SANTA CRUZ DE MARCHENA
48778,,21,4,13,3,1,0,1,7,6,4,2,1,4568,201507,SANTA CRUZ DE MARCHENA
89363,,21,4,8,3,1,0,1,9,5,3,6,2,4568,201512,SANTA CRUZ DE MARCHENA
32544,,21,5,12,3,1,0,1,7,5,5,2,1,4568,201505,SANTA CRUZ DE MARCHENA
76,,14,1,9,3,1,0,1,6,4,0,1,2,4568,201501,SANTA CRUZ DE MARCHENA
24427,,15,3,8,2,0,0,1,5,4,4,2,1,4568,201504,SANTA CRUZ DE MARCHENA
65012,,23,5,14,3,2,0,1,8,5,5,2,1,4568,201509,SANTA CRUZ DE MARCHENA
81246,,17,4,8,3,1,0,1,6,4,3,2,2,4568,201511,SANTA CRUZ DE MARCHENA
16310,,18,4,11,3,1,0,1,6,4,4,1,1,4568,201503,SANTA CRUZ DE MARCHENA
73129,,24,5,15,3,2,0,1,9,5,5,2,1,4568,201510,SANTA CRUZ DE MARCHENA
8194,,55,6,32,14,8,4,1,10,15,4,6,10,4420,201502,SANTA FE DE MONDUJAR
16311,,66,9,42,14,8,10,1,14,16,4,6,8,4420,201503,SANTA FE DE MONDUJAR
56896,,64,11,42,14,10,8,0,14,13,5,4,7,4420,201508,SANTA FE DE MONDUJAR
48779,,63,11,39,14,8,9,2,15,12,5,4,7,4420,201507,SANTA FE DE MONDUJAR
77,,49,6,27,14,6,4,1,12,10,3,7,8,4420,201501,SANTA FE DE MONDUJAR
89364,,48,6,34,10,7,5,0,12,11,3,3,5,4420,201512,SANTA FE DE MONDUJAR
40662,,67,9,43,15,11,8,1,15,12,6,4,10,4420,201506,SANTA FE DE MONDUJAR
73130,,65,11,45,14,13,6,0,14,13,5,3,6,4420,201510,SANTA FE DE MONDUJAR
32545,,66,10,41,13,9,10,1,16,13,5,6,8,4420,201505,SANTA FE DE MONDUJAR
81247,,50,7,34,13,9,5,0,11,10,2,3,6,4420,201511,SANTA FE DE MONDUJAR
24428,,66,9,42,15,10,9,1,16,12,4,6,8,4420,201504,SANTA FE DE MONDUJAR
65013,,62,11,40,14,10,8,0,13,12,5,4,7,4420,201509,SANTA FE DE MONDUJAR
78,,20,1,9,1,4,2,0,6,7,0,7,3,4213,201501,SENES
32546,,23,4,9,2,4,2,0,9,5,1,8,2,4213,201505,SENES
16312,,25,4,10,2,5,3,0,7,6,2,8,3,4213,201503,SENES
8195,,25,2,12,1,5,3,0,7,8,1,8,3,4213,201502,SENES
89365,,20,2,11,4,2,1,0,8,4,1,5,2,4213,201512,SENES
65014,,25,3,9,2,2,3,0,10,6,2,10,3,4213,201509,SENES
24429,,24,4,10,2,4,3,0,7,5,3,7,3,4213,201504,SENES
81248,,24,4,11,2,4,4,0,8,5,1,7,2,4213,201511,SENES
40663,,22,3,8,2,3,2,0,8,7,0,9,2,4213,201506,SENES
48780,,25,2,9,2,3,2,0,9,8,1,11,3,4213,201507,SENES
56897,,24,2,8,2,2,3,0,9,7,1,11,3,4213,201508,SENES
73131,,25,4,8,2,2,4,0,10,6,1,11,2,4213,201510,SENES
40664,,178,20,118,43,33,6,8,53,29,14,16,16,4890,201506,SERON
65015,,175,19,116,43,37,9,11,50,25,11,16,13,4890,201509,SERON
16313,,185,24,117,42,37,12,12,52,33,9,17,15,4890,201503,SERON
32547,,189,24,123,43,34,11,8,49,35,17,17,17,4890,201505,SERON
8196,,187,20,117,43,37,11,17,56,32,8,18,15,4890,201502,SERON
81249,,175,20,118,39,41,12,12,53,18,12,15,10,4890,201511,SERON
56898,,171,18,115,42,36,8,9,55,21,9,15,14,4890,201508,SERON
89366,,168,18,107,37,39,11,14,50,19,12,18,11,4890,201512,SERON
79,,189,22,119,48,33,12,14,49,41,6,19,15,4890,201501,SERON
73132,,173,18,117,41,38,12,10,52,20,10,15,13,4890,201510,SERON
24430,,197,25,125,41,41,15,14,50,34,16,16,17,4890,201504,SERON
48781,,175,20,116,43,33,5,8,55,26,13,16,15,4890,201507,SERON
24431,,43,3,25,7,9,2,6,14,8,3,9,0,4878,201504,SIERRO
48782,,38,4,23,7,6,1,6,13,7,4,5,0,4878,201507,SIERRO
73133,,44,3,21,7,8,1,7,15,9,4,13,0,4878,201510,SIERRO
16314,,37,3,18,7,7,1,6,13,6,3,10,0,4878,201503,SIERRO
40665,,42,5,25,7,7,1,6,12,9,6,6,0,4878,201506,SIERRO
81250,,45,2,20,7,11,0,7,16,8,3,15,1,4878,201511,SIERRO
65016,,45,4,24,7,9,1,7,14,10,4,10,0,4878,201509,SIERRO
8197,,43,3,21,7,9,1,8,14,9,3,11,0,4878,201502,SIERRO
32548,,44,4,26,7,9,2,7,12,9,5,7,0,4878,201505,SIERRO
89367,,44,2,19,8,10,1,8,15,8,2,14,1,4878,201512,SIERRO
80,,44,3,20,6,9,2,9,15,9,3,11,1,4878,201501,SIERRO
56899,,41,4,23,7,7,1,6,14,8,4,8,0,4878,201508,SIERRO
65017,,31,3,17,6,8,2,2,7,6,2,5,4,4877,201509,SOMONTIN
16315,,34,4,20,6,7,3,2,11,4,3,6,2,4877,201503,SOMONTIN
40666,,34,4,22,6,8,2,2,8,7,3,4,2,4877,201506,SOMONTIN
81251,,27,3,15,6,8,2,1,7,3,1,4,4,4877,201511,SOMONTIN
24432,,32,5,18,5,8,3,2,10,2,4,5,2,4877,201504,SOMONTIN
73134,,32,4,18,8,8,2,2,8,4,2,4,4,4877,201510,SOMONTIN
81,,35,6,18,7,8,2,2,9,5,4,6,3,4877,201501,SOMONTIN
32549,,36,6,20,6,9,3,3,10,4,4,5,2,4877,201505,SOMONTIN
8198,,37,5,22,8,8,3,2,10,5,3,6,2,4877,201502,SOMONTIN
48783,,30,3,19,5,8,2,2,6,6,3,4,2,4877,201507,SOMONTIN
89368,,23,2,13,6,8,2,1,6,1,0,3,4,4877,201512,SOMONTIN
56900,,31,3,17,6,7,2,2,7,7,2,5,4,4877,201508,SOMONTIN
40667,,239,33,122,37,65,14,21,61,45,17,34,29,4270,201506,SORBAS
81252,,237,35,117,40,60,11,20,60,46,20,35,30,4270,201511,SORBAS
16316,,231,36,104,34,61,14,21,59,42,21,39,31,4270,201503,SORBAS
65018,,246,36,127,39,60,12,22,67,48,20,36,25,4270,201509,SORBAS
24433,,235,34,115,37,64,13,20,62,41,18,39,27,4270,201504,SORBAS
89369,,223,34,109,40,50,12,19,55,46,20,33,28,4270,201512,SORBAS
82,,231,30,107,31,61,10,23,64,44,21,42,29,4270,201501,SORBAS
56901,,241,33,123,39,65,14,23,65,41,17,35,27,4270,201508,SORBAS
73135,,245,38,124,40,62,13,20,60,46,24,37,26,4270,201510,SORBAS
32550,,234,30,121,38,67,13,18,59,41,16,37,28,4270,201505,SORBAS
48784,,239,34,122,38,64,15,21,61,44,17,35,27,4270,201507,SORBAS
8199,,236,34,106,37,57,11,24,62,45,24,43,29,4270,201502,SORBAS
56902,,22,1,9,4,8,0,3,6,2,2,9,0,4878,201508,SUFLI
81253,,16,0,7,4,7,0,2,4,1,0,7,0,4878,201511,SUFLI
40668,,25,2,11,4,10,0,4,6,2,3,8,0,4878,201506,SUFLI
89370,,18,1,8,4,6,0,2,5,2,1,7,0,4878,201512,SUFLI
83,,26,2,17,4,9,2,4,6,2,3,2,1,4878,201501,SUFLI
16317,,25,2,14,5,7,1,5,7,2,3,4,0,4878,201503,SUFLI
65019,,21,0,10,4,8,1,3,6,2,0,8,0,4878,201509,SUFLI
73136,,18,0,7,4,8,0,3,5,1,0,8,0,4878,201510,SUFLI
24434,,26,2,14,5,8,0,5,7,3,3,5,0,4878,201504,SUFLI
48785,,24,2,9,4,10,0,4,6,1,3,9,0,4878,201507,SUFLI
8200,,25,2,15,5,8,1,4,6,2,3,4,0,4878,201502,SUFLI
32551,,23,2,11,3,10,0,3,5,2,3,7,0,4878,201505,SUFLI
73137,,452,31,258,71,101,25,32,128,94,33,49,82,4200,201510,TABERNAS
32552,,485,54,254,70,109,43,27,118,97,48,53,97,4200,201505,TABERNAS
89371,,414,23,223,65,104,19,23,114,88,24,52,93,4200,201512,TABERNAS
48786,,446,38,238,67,92,26,26,133,93,35,51,93,4200,201507,TABERNAS
81254,,412,28,236,64,101,23,28,112,83,29,47,73,4200,201511,TABERNAS
8201,,499,40,260,76,115,29,28,121,118,40,58,113,4200,201502,TABERNAS
56903,,462,39,250,64,96,26,26,135,106,35,58,89,4200,201508,TABERNAS
84,,510,43,263,76,113,34,25,134,116,37,55,124,4200,201501,TABERNAS
24435,,502,58,260,71,112,44,25,119,104,52,55,104,4200,201504,TABERNAS
40669,,466,45,248,70,97,35,27,128,97,39,49,97,4200,201506,TABERNAS
65020,,467,35,264,70,105,27,26,129,101,35,54,88,4200,201509,TABERNAS
16318,,503,51,255,71,120,34,25,126,96,56,57,115,4200,201503,TABERNAS
32553,,64,11,35,10,16,8,1,13,11,6,15,2,4692,201505,TABERNO
40670,,66,9,35,10,15,5,1,14,13,9,20,1,4692,201506,TABERNO
73138,,56,6,31,10,12,3,2,14,10,7,15,2,4692,201510,TABERNO
65021,,53,5,31,9,12,3,2,13,10,6,14,1,4692,201509,TABERNO
81255,,56,7,29,9,12,5,2,13,10,7,15,3,4692,201511,TABERNO
8202,,62,5,38,11,15,4,1,12,17,3,16,2,4692,201502,TABERNO
48787,,60,6,34,10,12,4,1,15,13,6,19,0,4692,201507,TABERNO
16319,,64,7,35,10,17,6,1,12,14,5,17,4,4692,201503,TABERNO
89372,,55,6,29,10,10,4,2,12,11,8,15,3,4692,201512,TABERNO
85,,59,7,39,9,13,6,1,12,16,3,10,2,4692,201501,TABERNO
24436,,58,8,29,9,14,6,1,13,12,4,17,3,4692,201504,TABERNO
56904,,60,6,37,10,12,4,1,14,14,6,16,0,4692,201508,TABERNO
73139,,27,2,15,5,6,0,2,7,8,1,8,0,4275,201510,TAHAL
40671,,30,2,16,6,8,0,2,7,8,1,9,1,4275,201506,TAHAL
48788,,31,3,15,7,5,0,3,8,10,1,10,0,4275,201507,TAHAL
32554,,27,2,15,5,5,0,2,7,9,1,6,2,4275,201505,TAHAL
56905,,30,2,16,6,5,0,2,9,9,1,10,0,4275,201508,TAHAL
24437,,23,1,13,4,7,0,2,4,7,1,5,2,4275,201504,TAHAL
65022,,27,2,15,5,6,0,1,7,8,1,9,0,4275,201509,TAHAL
16320,,30,2,19,6,6,1,2,7,9,1,5,2,4275,201503,TAHAL
8203,,30,2,21,6,8,1,1,7,7,1,4,2,4275,201502,TAHAL
81256,,26,2,14,5,6,0,2,6,8,1,8,0,4275,201511,TAHAL
86,,28,2,21,6,6,1,2,6,8,1,3,0,4275,201501,TAHAL
89373,,30,3,18,7,4,0,3,8,9,2,6,0,4275,201512,TAHAL
40672,,39,4,28,6,7,1,3,14,8,3,4,0,4569,201506,TERQUE
48789,,32,3,23,7,4,1,1,12,6,2,4,1,4569,201507,TERQUE
8204,,35,1,29,8,5,0,1,14,7,1,4,0,4569,201502,TERQUE
32555,,38,2,29,8,7,0,3,13,8,2,4,0,4569,201505,TERQUE
65023,,40,3,31,9,5,1,1,18,6,1,4,1,4569,201509,TERQUE
87,,37,1,29,9,5,0,2,15,7,1,4,1,4569,201501,TERQUE
24438,,38,2,29,8,6,0,3,15,7,2,4,0,4569,201504,TERQUE
89374,,36,3,28,10,6,3,1,10,6,1,3,1,4569,201512,TERQUE
16321,,36,2,28,10,4,0,2,14,7,1,4,0,4569,201503,TERQUE
81257,,40,3,30,9,7,3,3,12,7,2,3,1,4569,201511,TERQUE
56906,,36,4,25,9,5,2,2,13,5,2,4,1,4569,201508,TERQUE
73140,,45,3,34,10,7,2,3,18,6,2,4,1,4569,201510,TERQUE
89375,,307,35,182,70,77,20,36,75,51,14,37,17,4880,201512,TIJOLA
81258,,308,35,177,68,70,24,40,77,54,15,42,14,4880,201511,TIJOLA
40673,,350,39,203,76,90,27,44,81,60,16,44,20,4880,201506,TIJOLA
48790,,351,36,206,73,89,27,47,80,64,18,44,18,4880,201507,TIJOLA
32556,,338,42,197,73,92,28,40,71,57,17,39,20,4880,201505,TIJOLA
73141,,324,36,181,65,77,24,41,81,61,16,47,19,4880,201510,TIJOLA
16322,,362,45,212,77,85,28,43,89,58,25,39,23,4880,201503,TIJOLA
8205,,345,39,201,78,81,25,45,87,58,16,39,21,4880,201502,TIJOLA
56907,,353,38,203,71,87,29,45,84,65,17,49,18,4880,201508,TIJOLA
24439,,347,44,196,78,92,26,45,72,60,19,39,23,4880,201504,TIJOLA
88,,345,38,193,74,84,29,49,85,62,11,43,22,4880,201501,TIJOLA
65024,,346,39,198,70,82,27,42,85,66,16,50,17,4880,201509,TIJOLA
73142,,387,23,278,73,102,13,10,88,96,15,64,12,4639,201510,TURRE
81259,,396,25,280,75,107,11,12,90,94,19,63,16,4639,201511,TURRE
89376,,387,24,274,74,104,13,10,83,97,16,61,18,4639,201512,TURRE
40674,,328,27,198,57,70,14,15,82,88,17,72,16,4639,201506,TURRE
89,,418,22,274,70,104,15,18,96,111,22,81,23,4639,201501,TURRE
16323,,378,21,263,67,101,19,17,84,87,20,63,14,4639,201503,TURRE
65025,,342,21,227,61,82,12,10,88,83,16,66,18,4639,201509,TURRE
48791,,311,27,189,58,64,16,14,85,74,14,67,14,4639,201507,TURRE
56908,,307,22,190,54,65,12,11,86,79,11,68,16,4639,201508,TURRE
8206,,405,20,276,67,106,14,16,91,107,20,74,19,4639,201502,TURRE
32557,,355,24,234,58,86,18,14,79,88,26,68,15,4639,201505,TURRE
24440,,378,22,259,65,98,16,15,85,90,24,68,14,4639,201504,TURRE
8207,,11,1,8,0,1,0,0,6,2,2,2,0,4211,201502,TURRILLAS
73143,,8,0,8,0,1,0,0,3,3,1,0,0,4211,201510,TURRILLAS
8217,,33,1,18,3,6,1,4,11,10,2,5,5,4530,201502,"TRES VILLAS, LAS"
73153,,40,1,23,3,5,4,3,13,13,2,6,7,4530,201510,"TRES VILLAS, LAS"
100,,30,1,15,2,5,1,4,12,8,2,6,4,4530,201501,"TRES VILLAS, LAS"
40685,,38,1,22,3,6,3,5,13,11,2,6,4,4530,201506,"TRES VILLAS, LAS"
32568,,36,1,22,3,6,2,4,13,9,3,5,4,4530,201505,"TRES VILLAS, LAS"
16334,,37,1,21,3,8,1,4,12,11,2,6,5,4530,201503,"TRES VILLAS, LAS"
65036,,38,1,24,3,7,4,3,12,10,2,5,5,4530,201509,"TRES VILLAS, LAS"
81270,,32,1,19,3,4,3,3,10,11,1,4,5,4530,201511,"TRES VILLAS, LAS"
24451,,41,1,25,4,6,2,4,13,12,4,6,5,4530,201504,"TRES VILLAS, LAS"
48802,,40,0,24,4,6,3,5,14,11,2,6,5,4530,201507,"TRES VILLAS, LAS"
16324,,12,1,10,0,1,0,0,4,4,3,1,0,4211,201503,TURRILLAS
81260,,9,0,8,0,0,0,0,4,3,2,1,0,4211,201511,TURRILLAS
65026,,9,0,9,0,1,0,0,4,3,1,0,0,4211,201509,TURRILLAS
90,,9,1,8,0,1,0,0,4,2,2,0,0,4211,201501,TURRILLAS
24441,,13,1,11,0,1,0,0,6,4,2,1,0,4211,201504,TURRILLAS
56909,,11,0,11,0,1,0,0,4,4,2,0,0,4211,201508,TURRILLAS
32558,,12,0,11,1,1,0,0,5,3,2,0,1,4211,201505,TURRILLAS
48792,,11,0,11,0,0,0,0,5,4,2,0,0,4211,201507,TURRILLAS
40675,,12,0,12,0,1,0,0,6,4,1,0,0,4211,201506,TURRILLAS
89377,,7,0,6,0,0,0,0,4,2,1,1,0,4211,201512,TURRILLAS
89378,,93,10,63,20,25,1,4,20,23,4,12,4,4279,201512,ULEILA DEL CAMPO
91,,91,12,55,18,29,3,9,24,14,3,10,5,4279,201501,ULEILA DEL CAMPO
73144,,95,11,63,19,27,2,5,21,21,5,13,3,4279,201510,ULEILA DEL CAMPO
16325,,90,11,56,15,25,2,8,24,20,4,12,3,4279,201503,ULEILA DEL CAMPO
56910,,88,9,57,16,23,3,6,25,20,1,11,5,4279,201508,ULEILA DEL CAMPO
48793,,82,9,53,16,22,2,6,23,18,1,10,4,4279,201507,ULEILA DEL CAMPO
40676,,83,9,52,14,23,2,6,25,17,2,12,4,4279,201506,ULEILA DEL CAMPO
65027,,96,10,61,18,25,3,7,25,21,4,13,5,4279,201509,ULEILA DEL CAMPO
24442,,89,11,58,17,28,1,9,23,16,4,8,3,4279,201504,ULEILA DEL CAMPO
8208,,89,11,56,17,25,4,8,24,18,1,10,4,4279,201502,ULEILA DEL CAMPO
32559,,83,10,53,15,23,2,7,23,16,4,8,5,4279,201505,ULEILA DEL CAMPO
81261,,84,10,59,19,27,1,5,18,15,4,9,1,4279,201511,ULEILA DEL CAMPO
32560,,25,5,11,3,7,4,2,5,6,0,6,1,4879,201505,URRACAL
81262,,23,4,15,5,6,2,1,5,5,0,3,0,4879,201511,URRACAL
92,,17,3,6,3,4,1,2,6,3,0,5,1,4879,201501,URRACAL
89379,,17,5,8,4,5,1,1,4,3,0,3,0,4879,201512,URRACAL
65028,,28,5,16,4,8,4,2,6,6,0,5,0,4879,201509,URRACAL
24443,,20,3,8,3,5,2,2,5,5,0,5,2,4879,201504,URRACAL
40677,,30,5,16,3,10,4,2,7,6,0,6,1,4879,201506,URRACAL
8209,,20,3,8,3,7,1,2,6,3,0,5,2,4879,201502,URRACAL
48794,,29,5,15,3,8,4,2,7,6,1,6,1,4879,201507,URRACAL
56911,,30,5,15,3,9,4,2,7,7,0,8,0,4879,201508,URRACAL
16326,,24,3,11,3,8,2,2,6,5,0,6,2,4879,201503,URRACAL
73145,,28,5,17,5,7,4,2,6,6,0,4,0,4879,201510,URRACAL
73146,,14,1,8,2,3,0,0,4,4,1,4,1,4212,201510,VELEFIQUE
8210,,8,0,4,1,2,0,0,2,3,0,3,1,4212,201502,VELEFIQUE
32561,,13,1,6,2,3,1,0,3,3,1,5,1,4212,201505,VELEFIQUE
65029,,17,1,7,1,4,1,0,5,6,0,6,3,4212,201509,VELEFIQUE
16327,,11,0,3,1,3,0,0,4,2,1,7,1,4212,201503,VELEFIQUE
40678,,15,1,7,2,4,1,0,6,2,0,6,1,4212,201506,VELEFIQUE
93,,10,0,6,1,2,0,0,4,3,0,3,1,4212,201501,VELEFIQUE
48795,,17,1,8,3,4,0,0,7,3,0,6,2,4212,201507,VELEFIQUE
24444,,10,0,4,2,2,0,0,3,2,1,5,1,4212,201504,VELEFIQUE
81263,,15,1,6,2,2,0,0,5,5,1,6,2,4212,201511,VELEFIQUE
56912,,17,1,8,2,4,0,0,6,5,0,6,2,4212,201508,VELEFIQUE
89380,,13,1,5,1,2,0,0,4,5,1,5,2,4212,201512,VELEFIQUE
89381,,117,11,71,18,20,8,4,31,30,10,19,12,4830,201512,VELEZ-BLANCO
40679,,111,11,70,14,22,12,3,28,26,9,17,10,4830,201506,VELEZ-BLANCO
24445,,113,10,72,15,27,8,3,24,27,12,16,12,4830,201504,VELEZ-BLANCO
73147,,116,11,77,17,20,7,2,28,32,12,13,13,4830,201510,VELEZ-BLANCO
16328,,111,12,69,13,28,6,3,23,29,12,15,12,4830,201503,VELEZ-BLANCO
48796,,113,11,76,16,21,9,2,29,29,9,15,9,4830,201507,VELEZ-BLANCO
56913,,120,12,80,18,21,8,2,30,36,7,15,11,4830,201508,VELEZ-BLANCO
8211,,121,15,70,13,27,10,4,24,35,12,20,12,4830,201502,VELEZ-BLANCO
81264,,110,11,67,16,21,8,3,27,29,9,15,14,4830,201511,VELEZ-BLANCO
94,,121,17,65,16,27,9,4,27,30,12,22,13,4830,201501,VELEZ-BLANCO
65030,,114,11,79,19,20,6,2,27,32,10,12,10,4830,201509,VELEZ-BLANCO
32562,,109,10,70,14,23,10,4,25,24,13,12,13,4830,201505,VELEZ-BLANCO
16329,,524,63,290,84,136,32,44,136,98,38,86,41,4820,201503,VELEZ-RUBIO
65031,,523,58,318,84,130,34,43,137,106,32,77,27,4820,201509,VELEZ-RUBIO
8212,,504,56,291,83,139,29,36,125,100,28,84,37,4820,201502,VELEZ-RUBIO
95,,503,54,295,80,139,25,37,131,98,30,82,35,4820,201501,VELEZ-RUBIO
81265,,503,65,289,84,127,38,43,124,100,30,75,31,4820,201511,VELEZ-RUBIO
48797,,507,60,293,86,134,31,43,125,95,36,82,29,4820,201507,VELEZ-RUBIO
73148,,519,62,307,81,139,35,44,134,99,31,77,29,4820,201510,VELEZ-RUBIO
32563,,550,79,306,90,138,43,50,129,106,44,76,39,4820,201505,VELEZ-RUBIO
89382,,514,60,304,84,133,36,39,129,105,27,76,35,4820,201512,VELEZ-RUBIO
56914,,521,52,314,84,140,29,42,136,102,30,79,34,4820,201508,VELEZ-RUBIO
40680,,518,67,300,90,138,34,47,123,99,34,71,33,4820,201506,VELEZ-RUBIO
24446,,552,74,303,92,144,41,54,131,102,42,77,44,4820,201504,VELEZ-RUBIO
81266,,1529,102,1060,318,480,67,55,293,300,71,177,135,4620,201511,VERA
65032,,1378,96,920,290,373,66,54,293,292,64,173,135,4620,201509,VERA
96,,1600,109,1060,317,464,71,62,304,374,70,217,152,4620,201501,VERA
89383,,1490,103,1022,320,450,65,53,294,290,71,171,141,4620,201512,VERA
16330,,1522,110,985,301,448,68,63,299,337,69,211,153,4620,201503,VERA
24447,,1492,112,964,295,434,74,58,296,327,66,203,155,4620,201504,VERA
56915,,1271,87,810,277,317,53,53,293,275,56,174,147,4620,201508,VERA
40681,,1309,110,814,282,351,63,54,281,269,63,176,155,4620,201506,VERA
32564,,1461,118,946,294,424,71,53,287,304,81,188,156,4620,201505,VERA
48798,,1243,97,783,283,308,54,49,290,254,54,170,144,4620,201507,VERA
73149,,1450,94,997,302,427,62,51,295,299,65,175,133,4620,201510,VERA
8213,,1547,104,1026,315,446,63,60,307,346,70,213,144,4620,201502,VERA
48799,,708,86,454,134,216,45,27,129,133,51,95,46,4240,201507,VIATOR
32565,,691,91,439,129,207,54,27,119,130,52,92,42,4240,201505,VIATOR
56916,,719,85,459,132,220,42,27,129,150,46,100,48,4240,201508,VIATOR
73150,,740,82,506,138,232,50,24,123,148,49,91,37,4240,201510,VIATOR
24448,,688,95,431,125,205,54,29,121,137,46,99,34,4240,201504,VIATOR
89384,,635,69,416,115,184,32,22,127,137,40,93,35,4240,201512,VIATOR
16331,,669,92,414,119,197,44,32,123,143,43,96,35,4240,201503,VIATOR
40682,,724,88,469,138,221,54,25,126,132,53,96,46,4240,201506,VIATOR
8214,,643,77,395,112,194,41,29,130,133,33,104,38,4240,201502,VIATOR
81267,,716,80,479,130,224,43,24,123,145,51,93,40,4240,201511,VIATOR
97,,654,71,405,119,199,35,33,126,142,33,105,40,4240,201501,VIATOR
65033,,765,92,506,131,239,53,26,125,162,55,95,46,4240,201509,VIATOR
16332,,2678,276,1352,400,752,137,102,518,704,167,307,641,4738,201503,VICAR
8215,,2644,274,1327,409,711,129,98,528,695,172,330,615,4738,201502,VICAR
32566,,2812,282,1539,451,854,178,94,517,613,199,257,640,4738,201505,VICAR
65034,,3104,228,1896,516,991,187,93,551,702,157,259,628,4738,201509,VICAR
24449,,2724,298,1397,425,783,162,100,530,640,184,290,639,4738,201504,VICAR
56917,,3123,217,1819,490,969,183,97,557,770,154,255,735,4738,201508,VICAR
48800,,3072,222,1738,487,918,171,85,553,778,165,256,771,4738,201507,VICAR
81268,,2402,222,1321,411,676,127,82,510,533,145,262,515,4738,201511,VICAR
98,,2570,270,1262,404,679,109,96,527,690,161,345,597,4738,201501,VICAR
73151,,2690,234,1590,470,821,155,79,523,576,145,255,532,4738,201510,VICAR
89385,,2289,207,1243,387,642,108,85,514,506,132,268,486,4738,201512,VICAR
40683,,3152,256,1767,510,971,195,86,539,748,189,259,784,4738,201506,VICAR
73152,,215,25,118,32,64,16,5,40,44,19,41,26,4650,201510,ZURGENA
24450,,211,22,116,32,52,16,6,50,40,21,39,28,4650,201504,ZURGENA
99,,201,25,106,29,48,16,7,47,49,12,31,32,4650,201501,ZURGENA
81269,,197,22,111,27,56,15,5,41,42,16,38,21,4650,201511,ZURGENA
48801,,223,25,117,31,58,21,6,49,43,21,42,33,4650,201507,ZURGENA
89386,,188,23,105,29,47,15,6,43,38,16,40,14,4650,201512,ZURGENA
32567,,212,24,112,36,49,16,6,47,39,25,43,27,4650,201505,ZURGENA
16333,,211,23,114,33,53,19,5,47,40,19,33,36,4650,201503,ZURGENA
65035,,220,24,116,36,57,15,5,44,48,20,43,32,4650,201509,ZURGENA
56918,,224,24,114,31,56,20,6,46,52,19,44,36,4650,201508,ZURGENA
40684,,224,27,116,36,61,21,7,46,37,23,44,30,4650,201506,ZURGENA
8216,,196,23,106,32,51,14,6,44,40,15,30,31,4650,201502,ZURGENA
89387,,42,2,28,3,7,4,3,14,12,2,4,5,4530,201512,"TRES VILLAS, LAS"
56919,,38,0,24,4,5,2,4,14,11,2,6,4,4530,201508,"TRES VILLAS, LAS"
89300,,22606,2988,14228,5049,5728,992,867,5061,4733,1043,3088,1435,4000,201512,ALMERIA
13,,25073,3472,15276,5149,6331,1195,1099,5289,5806,1303,3638,1588,4000,201501,ALMERIA
56832,,24503,3097,15369,5340,6569,1079,936,5166,5253,1096,3252,1849,4000,201508,ALMERIA
64949,,24982,3238,15917,5422,6748,1214,928,5176,5234,1188,3204,1695,4000,201509,ALMERIA
